PLAYER,TEAM,AGE,GP,W,L,MIN,PTS,FGM,FGA,FG%,3PM,3PA,3P%,FTM,FTA,FT%,OREB,DREB,REB,AST,TOV,STL,BLK,PF,DD2,TD3,+/-
Zaza Pachulia,GSW,32,36,31,5,667,201,76,142,53.5,0,0,0,49,59,83.1,75,131,206,75,49,29,17,81,2,0,251
Zach Randolph,MEM,35,35,21,14,814,481,208,461,45.1,10,42,23.8,55,73,75.3,79,199,278,62,44,20,7,70,9,0,62
Zach LaVine,MIN,21,37,11,26,1384,754,276,590,46.8,106,259,40.9,96,112,85.7,17,106,123,115,74,30,8,84,0,0,-95
Yogi Ferrell,BKN,23,10,1,9,151,54,18,49,36.7,8,27,29.6,10,16,62.5,4,8,12,17,14,2,2,11,0,0,-44
Wilson Chandler,DEN,29,35,14,21,1091,573,225,496,45.4,56,163,34.4,67,93,72,50,192,242,71,55,26,9,81,5,0,-63
Willy Hernangomez,NYK,22,34,15,19,441,173,73,133,54.9,3,9,33.3,24,35,68.6,45,99,144,26,40,9,16,47,0,0,0
Willie Reed,MIA,26,32,10,22,437,163,71,126,56.3,0,2,0,21,42,50,63,92,155,12,11,6,25,52,3,0,-21
Willie Cauley-Stein,SAC,23,32,13,19,360,139,62,112,55.4,0,1,0,15,33,45.5,25,42,67,10,17,13,12,60,0,0,-112
Will Barton,DEN,26,26,11,15,745,349,123,279,44.1,35,89,39.3,68,90,75.6,27,96,123,67,41,24,10,48,0,0,-89
Wesley Matthews,DAL,30,38,12,26,1357,573,192,498,38.6,109,290,37.6,80,100,80,8,106,114,85,55,50,9,81,0,0,-151
Wesley Johnson,LAC,29,35,22,13,474,113,42,121,34.7,19,73,26,10,15,66.7,19,96,115,19,13,17,21,59,0,0,0
Wayne Ellington,MIA,29,21,5,16,556,227,83,203,40.9,42,131,32.1,19,22,86.4,4,31,35,32,8,12,3,25,0,0,-89
Wade Baldwin IV,MEM,20,23,14,9,304,81,26,83,31.3,2,18,11.1,27,32,84.4,7,26,33,48,30,12,6,28,0,0,-90
Vince Carter,MEM,39,35,19,16,824,278,95,245,38.8,52,150,34.7,36,54,66.7,18,99,117,58,21,27,16,80,0,0,82
Victor Oladipo,OKC,24,32,19,13,1085,517,202,447,45.2,70,184,38,43,66,65.2,20,120,140,86,53,30,8,69,1,0,114
Udonis Haslem,MIA,36,13,3,10,111,27,9,18,50,0,1,0,9,15,60,7,21,28,6,7,5,1,17,0,0,-53
Tyus Jones,MIN,20,22,7,15,231,73,24,52,46.2,11,25,44,14,15,93.3,6,21,27,44,13,14,0,14,0,0,41
Tyson Chandler,PHX,34,31,9,22,862,242,96,142,67.6,0,0,0,50,75,66.7,103,268,371,18,48,18,14,90,8,0,-43
Tyreke Evans,NOP,27,12,7,5,202,110,39,94,41.5,12,35,34.3,20,20,100,2,37,39,44,17,7,2,19,0,0,-28
Tyler Zeller,BOS,26,27,15,12,327,111,48,103,46.6,0,1,0,15,24,62.5,29,50,79,24,10,5,15,35,1,0,19
Tyler Ulis,PHX,21,24,4,20,218,74,30,77,39,3,8,37.5,11,14,78.6,5,11,16,32,16,18,1,20,0,0,19
Tyler Johnson,MIA,24,38,11,27,1177,529,191,443,43.1,52,139,37.4,95,127,74.8,23,147,170,122,39,45,29,93,0,0,-85
Tyler Ennis,HOU,22,23,16,7,169,51,22,56,39.3,5,14,35.7,2,3,66.7,4,12,16,27,20,5,0,26,0,0,-52
Ty Lawson,SAC,29,38,15,23,957,332,120,280,42.9,21,71,29.6,71,90,78.9,26,78,104,158,68,42,3,59,0,0,-32
Troy Williams,MEM,22,24,15,9,418,127,51,122,41.8,10,41,24.4,15,25,60,6,38,44,19,27,24,9,42,0,0,-64
Troy Daniels,MEM,25,31,16,15,614,313,105,265,39.6,73,179,40.8,30,36,83.3,9,38,47,24,20,12,3,50,0,0,97
Tristan Thompson,CLE,25,39,29,10,1128,284,112,192,58.3,0,3,0,60,119,50.4,146,238,384,30,33,23,45,92,9,0,183
Trey Lyles,UTA,21,41,25,16,823,351,129,317,40.7,52,152,34.2,41,55,74.5,38,125,163,52,46,18,16,60,1,0,11
Trey Burke,WAS,24,34,17,17,413,163,66,145,45.5,18,36,50,13,19,68.4,5,15,20,49,25,8,3,33,0,0,-121
Trevor Booker,BKN,29,36,8,28,985,354,149,289,51.6,13,39,33.3,43,64,67.2,79,247,326,88,65,51,17,83,12,0,-231
Trevor Ariza,HOU,31,42,31,11,1438,531,189,436,43.3,114,303,37.6,39,58,67.2,31,189,220,90,36,83,12,70,1,0,218
Treveon Graham,CHA,23,12,6,6,77,21,6,9,66.7,4,6,66.7,5,8,62.5,0,8,8,5,1,1,0,13,0,0,-17
Tony Snell,MIL,25,37,20,17,1087,312,116,266,43.6,62,177,35,18,23,78.3,14,119,133,47,24,17,7,57,1,0,-24
Tony Parker,SAS,34,30,24,6,767,339,145,303,47.9,13,34,38.2,36,45,80,8,54,62,145,41,11,1,44,0,0,150
Tony Allen,MEM,35,35,20,15,975,352,147,300,49,6,21,28.6,52,79,65.8,82,106,188,42,53,62,15,94,3,0,-13
Toney Douglas,MEM,30,6,5,1,107,35,14,36,38.9,3,11,27.3,4,5,80,2,14,16,16,5,6,1,9,0,0,13
Tomas Satoransky,WAS,25,23,10,13,339,71,29,73,39.7,2,19,10.5,11,17,64.7,9,25,34,50,21,12,0,34,0,0,18
Tobias Harris,DET,24,42,18,24,1382,694,269,560,48,57,166,34.3,99,110,90,20,193,213,72,55,30,24,69,3,0,-82
Timothe Luwawu-Cabarrot,PHI,21,24,7,17,201,57,17,49,34.7,4,16,25,19,26,73.1,2,25,27,10,8,6,4,34,0,0,-17
Timofey Mozgov,LAL,30,42,14,28,896,336,142,274,51.8,0,1,0,52,65,80,85,118,203,31,52,13,20,106,1,0,-189
Tim Quarterman,POR,22,12,4,8,39,16,7,10,70,2,5,40,0,0,0,2,4,6,7,4,1,2,3,0,0,12
Tim Hardaway Jr.,ATL,24,37,21,16,831,442,165,368,44.8,63,177,35.6,49,76,64.5,12,65,77,61,36,19,9,43,0,0,111
Tim Frazier,NOP,26,33,12,21,931,328,117,272,43,29,77,37.7,65,80,81.3,19,91,110,221,73,37,6,82,7,1,-58
Thon Maker,MIL,19,16,10,6,72,37,13,21,61.9,5,9,55.6,6,10,60,3,15,18,1,2,0,4,10,0,0,-9
Thomas Robinson,LAL,25,30,9,21,357,127,56,106,52.8,0,0,0,15,33,45.5,59,86,145,21,23,16,9,50,0,0,-96
Thaddeus Young,IND,28,39,20,19,1221,456,194,370,52.4,40,95,42.1,28,52,53.8,58,185,243,61,63,54,18,68,4,0,18
Thabo Sefolosha,ATL,32,36,21,15,930,272,109,238,45.8,20,67,29.9,34,45,75.6,29,137,166,60,38,64,21,52,0,0,3
Terry Rozier,BOS,22,36,22,14,636,201,76,193,39.4,24,74,32.4,25,36,69.4,18,98,116,61,21,22,7,34,0,0,22
Terrence Ross,TOR,25,38,25,13,822,402,154,338,45.6,63,169,37.3,31,35,88.6,10,76,86,24,17,42,13,57,0,0,164
Terrence Jones,NOP,25,38,15,23,916,405,160,340,47.1,12,55,21.8,73,123,59.3,44,177,221,41,40,28,39,44,5,0,-3
Taurean Prince,ATL,22,23,12,11,235,77,27,70,38.6,9,28,32.1,14,16,87.5,6,41,47,16,15,8,8,22,0,0,-6
Tarik Black,LAL,25,31,14,17,470,176,63,127,49.6,0,1,0,50,64,78.1,67,92,159,18,22,11,17,80,1,0,11
Taj Gibson,CHI,31,40,19,21,1101,472,206,394,52.3,1,2,50,59,80,73.8,94,188,282,47,59,22,39,93,10,0,-10
TJ Warren,PHX,23,26,8,18,754,366,151,338,44.7,14,50,28,50,65,76.9,46,55,101,25,24,36,9,66,0,0,-85
TJ McConnell,PHI,24,37,12,25,825,179,77,178,43.3,6,24,25,19,27,70.4,17,85,102,199,62,52,3,61,1,0,-100
Steven Adams,OKC,23,41,24,17,1236,500,205,343,59.8,0,1,0,90,126,71.4,121,191,312,46,76,51,43,99,7,0,146
Steve Novak,MIL,33,8,6,2,22,5,2,7,28.6,1,6,16.7,0,0,0,0,3,3,0,0,0,0,1,0,0,0
Stephen Zimmerman,ORL,20,8,3,5,32,10,5,11,45.5,0,0,0,0,1,0,4,10,14,1,0,1,1,1,0,0,-9
Stephen Curry,GSW,28,40,34,6,1345,989,327,697,46.9,151,379,39.8,184,198,92.9,25,147,172,236,120,69,7,93,2,0,490
Stanley Johnson,DET,20,38,16,22,601,143,53,142,37.3,18,59,30.5,19,30,63.3,15,65,80,43,23,25,15,55,0,0,-102
Spencer Hawes,CHA,28,28,14,14,480,204,84,173,48.6,15,46,32.6,21,25,84,22,85,107,49,33,11,20,49,2,0,-72
Spencer Dinwiddie,BKN,23,16,1,15,286,89,31,69,44.9,5,16,31.3,22,28,78.6,6,35,41,36,21,11,7,33,0,0,-47
Solomon Hill,NOP,25,38,16,22,1035,222,71,191,37.2,34,102,33.3,46,54,85.2,17,122,139,65,34,35,15,88,1,0,-33
Skal Labissiere,SAC,20,4,0,4,27,12,5,8,62.5,0,0,0,2,3,66.7,4,2,6,0,2,0,0,0,0,0,6
Shelvin Mack,UTA,26,41,25,16,934,332,134,299,44.8,30,95,31.6,34,51,66.7,15,75,90,119,80,33,0,73,0,0,16
Sheldon McClellan,WAS,24,16,7,9,203,66,22,51,43.1,5,20,25,17,19,89.5,3,17,20,13,2,7,1,12,0,0,-37
Shaun Livingston,GSW,31,39,33,6,676,201,91,157,58,0,1,0,19,34,55.9,17,61,78,67,31,18,7,58,0,0,27
Shabazz Napier,POR,25,26,10,16,203,96,31,79,39.2,17,50,34,17,23,73.9,1,16,17,25,17,15,1,17,0,0,6
Shabazz Muhammad,MIN,24,36,12,24,658,288,103,227,45.4,22,55,40,60,76,78.9,33,65,98,13,28,9,3,39,0,0,22
Seth Curry,DAL,26,35,11,24,917,355,135,298,45.3,57,140,40.7,28,36,77.8,13,62,75,96,41,41,5,60,0,0,-39
Sergio Rodriguez,PHI,30,33,9,24,845,297,118,296,39.9,51,139,36.7,10,12,83.3,14,77,91,196,80,31,4,47,1,0,-125
Serge Ibaka,ORL,27,40,17,23,1228,621,253,518,48.8,57,148,38.5,58,72,80.6,79,209,288,42,45,21,67,105,6,0,-75
Semaj Christon,OKC,24,36,21,15,555,116,50,145,34.5,7,39,17.9,9,19,47.4,12,38,50,90,26,14,2,45,0,0,-105
Sean Kilpatrick,BKN,27,39,8,31,1058,570,188,442,42.5,61,174,35.1,133,160,83.1,14,155,169,95,97,30,4,79,2,0,-193
Sasha Vujacic,NYK,32,22,9,13,189,43,15,47,31.9,7,27,25.9,6,7,85.7,3,26,29,18,10,6,1,18,0,0,10
Sam Dekker,HOU,22,42,31,11,783,279,111,235,47.2,35,103,34,22,39,56.4,61,109,170,46,28,25,12,42,0,0,42
Salah Mejri,DAL,30,34,10,24,445,84,37,55,67.3,0,2,0,10,18,55.6,42,103,145,9,19,19,31,73,0,0,-44
Ryan Kelly,ATL,25,9,3,6,47,10,3,10,30,2,5,40,2,2,100,0,10,10,5,2,4,2,3,0,0,18
Ryan Anderson,HOU,28,42,31,11,1300,588,199,467,42.6,117,292,40.1,73,82,89,68,147,215,40,35,21,11,83,1,0,260
Russell Westbrook,OKC,28,41,24,17,1423,1261,414,977,42.4,82,257,31.9,351,428,82,75,362,437,431,221,59,12,96,32,19,215
Rudy Gobert,UTA,24,41,25,16,1364,497,173,263,65.8,0,1,0,151,229,65.9,145,358,503,37,76,31,104,125,27,0,222
Rudy Gay,SAC,30,28,11,17,948,519,187,411,45.5,37,104,35.6,108,127,85,30,146,176,81,68,41,23,72,3,0,49
Roy Hibbert,CHA,30,34,16,18,543,176,61,119,51.3,0,0,0,54,68,79.4,44,79,123,18,25,8,38,83,1,0,-43
Rondae Hollis-Jefferson,BKN,22,35,7,28,764,270,88,231,38.1,8,33,24.2,86,115,74.8,27,130,157,70,48,36,18,87,1,0,-199
Ron Baker,NYK,23,15,5,10,146,49,18,47,38.3,4,20,20,9,12,75,3,20,23,20,10,6,1,10,0,0,28
Rodney Stuckey,IND,30,17,8,9,345,154,52,118,44.1,8,26,30.8,42,57,73.7,3,43,46,35,27,7,0,25,0,0,-44
Rodney McGruder,MIA,25,37,10,27,965,209,76,203,37.4,31,100,31,26,36,72.2,53,78,131,54,25,23,9,70,0,0,-84
Rodney Hood,UTA,24,36,24,12,1052,504,187,448,41.7,74,205,36.1,56,74,75.7,10,121,131,71,43,22,7,84,0,0,165
Robin Lopez,CHI,28,40,19,21,1119,364,165,345,47.8,0,1,0,34,50,68,134,148,282,29,43,7,66,74,5,0,1
Robert Covington,PHI,26,34,12,22,1026,352,119,333,35.7,59,200,29.5,55,69,79.7,47,150,197,51,65,60,27,103,4,0,-139
Ricky Rubio,MIN,26,35,12,23,1110,264,80,211,37.9,21,83,25.3,83,94,88.3,39,100,139,274,75,65,2,91,5,0,-31
Richaun Holmes,PHI,23,21,5,16,336,145,60,117,51.3,7,20,35,18,29,62.1,31,60,91,18,18,13,19,45,0,0,-75
Richard Jefferson,CLE,36,39,29,10,747,198,67,165,40.6,26,88,29.5,38,49,77.6,12,75,87,35,25,11,4,64,1,0,92
Reggie Williams,NOP,30,5,1,4,63,25,7,20,35,5,10,50,6,7,85.7,2,4,6,4,0,3,0,2,0,0,-7
Reggie Jackson,DET,26,21,7,14,607,343,128,294,43.5,31,85,36.5,56,66,84.8,8,37,45,112,54,17,2,61,3,0,-91
Reggie Bullock,DET,25,5,1,4,68,23,10,22,45.5,2,8,25,1,1,100,3,4,7,4,2,3,2,0,0,0,-20
Raymond Felton,LAC,32,39,26,13,821,266,108,253,42.7,27,74,36.5,23,29,79.3,15,83,98,84,43,34,14,67,0,0,-39
Raul Neto,UTA,24,20,11,9,153,55,23,46,50,6,17,35.3,3,3,100,1,16,17,14,7,8,0,18,0,0,35
Rashad Vaughn,MIL,20,14,7,7,167,62,24,62,38.7,14,38,36.8,0,0,0,0,15,15,4,4,5,4,9,0,0,2
Randy Foye,BKN,33,26,5,21,436,122,40,115,34.8,24,74,32.4,18,22,81.8,2,57,59,52,33,11,4,32,0,0,-84
Ramon Sessions,CHA,30,40,20,20,656,250,82,214,38.3,15,51,29.4,71,96,74,10,49,59,109,38,21,3,34,0,0,-71
Rakeem Christmas,IND,25,3,0,3,14,3,1,4,25,0,0,0,1,1,100,1,2,3,1,0,0,1,1,0,0,-1
Rajon Rondo,CHI,30,31,14,17,926,226,98,266,36.8,17,57,29.8,13,24,54.2,33,162,195,220,83,42,6,73,5,1,20
RJ Hunter,CHI,23,3,2,1,9,0,0,1,0,0,1,0,0,0,0,0,1,1,0,0,0,0,0,0,0,-10
Quincy Acy,BKN,26,8,0,8,54,26,9,21,42.9,3,9,33.3,5,8,62.5,4,7,11,0,2,0,0,9,0,0,-18
Pierre Jackson,DAL,25,4,1,3,28,12,3,14,21.4,1,3,33.3,5,5,100,0,2,2,7,3,1,0,3,0,0,21
Paul Zipser,CHI,22,11,5,6,91,10,3,22,13.6,1,7,14.3,3,6,50,2,15,17,6,4,2,0,5,0,0,-19
Paul Pierce,LAC,39,12,7,5,148,45,14,39,35.9,9,26,34.6,8,10,80,0,18,18,2,8,3,3,25,0,0,4
Paul Millsap,ATL,31,36,22,14,1226,640,231,525,44,39,124,31.5,139,183,76,59,232,291,138,79,58,33,94,11,0,130
Paul George,IND,26,32,17,15,1131,706,244,547,44.6,74,192,38.5,144,156,92.3,27,170,197,104,91,58,9,85,3,0,59
Pau Gasol,SAS,36,37,29,8,985,451,184,359,51.3,20,43,46.5,63,93,67.7,58,236,294,103,47,16,46,62,6,0,149
Patty Mills,SAS,28,39,31,8,855,392,140,299,46.8,70,166,42.2,42,46,91.3,11,60,71,135,54,33,0,58,0,0,246
Patrick Patterson,TOR,27,33,22,11,924,235,80,219,36.5,53,145,36.6,22,31,71,41,141,182,51,23,27,12,78,1,0,257
Patrick McCaw,GSW,21,30,25,5,344,77,29,76,38.2,16,43,37.2,3,6,50,8,23,31,26,18,10,7,29,0,0,-25
Patrick Beverley,HOU,28,28,22,6,869,249,93,216,43.1,44,113,38.9,19,23,82.6,48,122,170,122,41,43,13,94,3,0,186
Pat Connaughton,POR,24,18,6,12,108,27,10,18,55.6,3,6,50,4,6,66.7,3,11,14,7,2,2,1,7,0,0,15
Pascal Siakam,TOR,22,36,25,11,643,168,75,150,50,0,4,0,18,24,75,44,84,128,14,25,17,31,83,0,0,-30
PJ Tucker,PHX,31,39,12,27,1065,243,88,220,40,27,86,31.4,40,52,76.9,62,155,217,42,36,49,11,90,0,0,-128
Otto Porter,WAS,23,38,19,19,1291,540,215,397,54.2,67,154,43.5,43,52,82.7,54,192,246,63,31,60,27,102,6,0,92
Omri Casspi,SAC,28,22,9,13,397,129,53,117,45.3,11,29,37.9,12,21,57.1,20,70,90,26,17,10,1,23,0,0,-9
Omer Asik,NOP,30,29,11,18,474,85,31,65,47.7,0,0,0,23,39,59,48,114,162,15,12,5,10,45,1,0,-46
Norman Powell,TOR,23,35,24,11,494,203,69,154,44.8,23,61,37.7,42,55,76.4,4,49,53,32,20,25,6,49,0,0,114
Noah Vonleh,POR,21,34,15,19,380,94,34,88,38.6,6,19,31.6,20,29,69,31,81,112,8,25,10,12,47,0,0,-119
Nikola Vucevic,ORL,26,38,16,22,1069,520,234,504,46.4,10,35,28.6,42,69,60.9,88,303,391,107,59,32,40,87,19,0,-42
Nikola Mirotic,CHI,25,36,19,17,839,342,117,302,38.7,58,186,31.2,50,66,75.8,28,171,199,30,42,27,32,59,4,0,49
Nikola Jokic,DEN,21,34,14,20,842,453,180,306,58.8,15,42,35.7,78,96,81.3,86,182,268,131,58,23,21,106,12,0,69
Nik Stauskas,PHI,23,35,11,24,924,320,105,247,42.5,55,144,38.2,55,68,80.9,9,83,92,68,55,17,14,59,0,0,-74
Nicolas Laprovittola,SAS,26,18,15,3,174,59,20,47,42.6,10,27,37,9,9,100,1,9,10,28,19,4,1,19,0,0,-44
Nicolas Brussino,DAL,23,27,5,22,185,39,13,40,32.5,7,28,25,6,7,85.7,8,22,30,21,9,9,4,14,0,0,-2
Nicolas Batum,CHA,28,37,19,18,1275,561,186,462,40.3,61,185,33,128,152,84.2,27,243,270,212,87,43,14,60,10,1,116
Nick Young,LAL,31,36,14,22,942,495,170,377,45.1,104,242,43,51,60,85,15,62,77,37,22,19,13,85,0,0,-95
Nick Collison,OKC,36,11,4,7,65,14,6,10,60,0,0,0,2,3,66.7,3,9,12,7,3,1,1,7,0,0,8
Nerlens Noel,PHI,22,12,6,6,182,92,39,63,61.9,0,0,0,14,21,66.7,17,23,40,5,5,14,11,18,0,0,-34
Nene,HOU,34,37,26,11,628,283,109,185,58.9,3,6,50,62,105,59,45,90,135,31,44,25,19,86,0,0,135
Nemanja Bjelica,MIN,28,38,14,24,634,228,82,200,41,37,115,32.2,27,33,81.8,22,99,121,41,33,23,6,84,0,0,5
Myles Turner,IND,20,38,20,18,1127,592,222,420,52.9,25,58,43.1,123,152,80.9,61,227,288,36,51,27,90,123,7,0,69
Montrezl Harrell,HOU,22,33,26,7,627,318,136,207,65.7,1,2,50,45,71,63.4,45,83,128,37,29,14,25,66,2,0,118
Monta Ellis,IND,31,31,17,14,889,282,105,236,44.5,16,57,28.1,56,65,86.2,4,87,91,102,63,32,13,64,0,0,-41
Mirza Teletovic,MIL,31,32,16,16,575,248,84,212,39.6,60,160,37.5,20,25,80,7,80,87,24,24,4,9,53,0,0,31
Mindaugas Kuzminskas,NYK,27,33,14,19,395,181,67,149,45,29,75,38.7,18,23,78.3,20,29,49,28,19,17,6,37,0,0,16
Miles Plumlee,MIL,28,25,14,11,232,59,21,46,45.7,0,0,0,17,24,70.8,18,20,38,17,20,9,6,37,0,0,-5
Mike Scott,ATL,28,8,3,5,86,21,7,27,25.9,2,15,13.3,5,6,83.3,6,15,21,10,3,2,1,5,0,0,-25
Mike Muscala,ATL,25,39,22,17,818,303,119,233,51.1,31,71,43.7,34,44,77.3,53,94,147,57,36,22,25,67,0,0,-61
Mike Miller,DEN,36,6,1,5,24,9,3,5,60,3,5,60,0,0,0,0,6,6,5,3,0,0,1,0,0,-3
Mike Dunleavy,ATL,36,24,19,5,381,112,38,93,40.9,22,60,36.7,14,19,73.7,5,47,52,21,14,6,2,33,0,0,11
Mike Conley,MEM,29,30,17,13,967,562,185,422,43.8,68,166,41,124,146,84.9,16,94,110,183,68,39,13,55,4,0,26
Michael Kidd-Gilchrist,CHA,23,39,20,19,1148,351,133,297,44.8,1,6,16.7,84,110,76.4,79,204,283,52,31,32,36,82,8,0,54
Michael Gbinije,DET,24,8,6,2,29,4,1,10,10,0,4,0,2,2,100,2,1,3,2,0,0,0,2,0,0,-1
Michael Carter-Williams,CHI,25,13,8,5,276,93,33,102,32.4,4,25,16,23,28,82.1,11,47,58,33,26,10,6,32,0,0,-42
Michael Beasley,MIL,28,32,16,16,525,286,117,221,52.9,10,21,47.6,42,55,76.4,21,90,111,34,39,17,14,57,1,0,36
Meyers Leonard,POR,24,37,15,22,577,199,69,196,35.2,39,116,33.6,22,23,95.7,12,103,115,28,19,4,15,85,1,0,-28
Metta World Peace,LAL,37,15,2,13,76,16,5,23,21.7,2,13,15.4,4,6,66.7,3,4,7,4,2,3,2,13,0,0,-64
Maurice Ndour,NYK,24,16,6,10,125,37,14,30,46.7,0,3,0,9,10,90,7,16,23,1,4,6,2,15,0,0,5
Maurice Harkless,POR,23,40,18,22,1233,472,190,380,50,49,135,36.3,43,62,69.4,67,135,202,37,54,48,36,122,2,0,7
Matthew Dellavedova,MIL,26,33,17,16,899,250,92,247,37.2,33,101,32.7,33,39,84.6,13,65,78,185,60,28,0,67,0,0,2
Matt Barnes,SAC,36,36,14,22,899,262,93,246,37.8,44,138,31.9,32,47,68.1,32,138,170,98,56,24,12,88,1,0,-95
Mason Plumlee,POR,26,42,18,24,1167,461,186,338,55,0,5,0,89,166,53.6,83,233,316,182,67,39,48,115,8,0,-3
Marvin Williams,CHA,30,34,16,18,926,359,128,324,39.5,59,162,36.4,44,54,81.5,35,144,179,42,25,20,16,48,2,0,63
Marshall Plumlee,NYK,24,3,2,1,27,4,1,1,100,0,0,0,2,3,66.7,1,5,6,1,0,1,0,3,0,0,6
Marreese Speights,LAC,29,41,27,14,665,410,135,299,45.2,55,141,39,85,98,86.7,53,151,204,32,29,12,21,123,2,0,39
Marquese Chriss,PHX,19,39,12,27,698,285,107,248,43.1,28,84,33.3,43,67,64.2,41,92,133,24,49,20,21,111,1,0,-139
Markieff Morris,WAS,27,37,18,19,1159,490,187,429,43.6,26,84,31,90,114,78.9,50,172,222,62,68,45,19,118,2,0,40
Mario Hezonja,ORL,21,28,10,18,233,88,33,96,34.4,11,43,25.6,11,14,78.6,6,24,30,13,20,7,4,18,0,0,-80
Marcus Thornton,WAS,29,33,15,18,575,219,84,210,40,28,80,35,23,27,85.2,22,54,76,40,25,19,3,48,0,0,-148
Marcus Smart,BOS,22,37,23,14,1125,374,127,346,36.7,46,152,30.3,74,97,76.3,35,105,140,163,71,52,15,88,1,0,76
Marcus Morris,DET,27,41,18,23,1315,543,209,512,40.8,62,190,32.6,63,77,81.8,30,135,165,80,46,33,12,87,1,0,-22
Marco Belinelli,CHA,30,35,18,17,869,369,127,295,43.1,57,133,42.9,58,68,85.3,7,86,93,63,32,22,5,46,1,0,-13
Marcin Gortat,WAS,32,38,19,19,1364,436,192,330,58.2,0,1,0,52,83,62.7,122,328,450,66,68,19,39,115,22,0,85
Marcelo Huertas,LAL,33,17,4,13,187,45,18,50,36,2,14,14.3,7,12,58.3,1,17,18,45,17,10,2,12,0,0,-37
Marc Gasol,MEM,31,40,25,15,1355,772,285,630,45.2,52,133,39.1,150,182,82.4,31,208,239,170,80,43,56,92,5,1,38
Manu Ginobili,SAS,39,33,26,7,622,250,79,215,36.7,44,111,39.6,48,55,87.3,13,70,83,82,45,40,12,54,0,0,136
Malik Beasley,DEN,20,11,5,6,58,32,12,32,37.5,4,13,30.8,4,6,66.7,1,5,6,3,0,2,0,4,0,0,32
Malcolm Delaney,ATL,27,39,22,17,668,230,87,216,40.3,13,54,24.1,43,51,84.3,5,66,71,111,62,18,1,58,0,0,85
Malcolm Brogdon,MIL,24,38,20,18,925,350,131,288,45.5,37,87,42.5,51,57,89.5,19,87,106,150,56,37,4,73,1,1,76
Malachi Richardson,SAC,21,6,1,5,33,17,5,13,38.5,3,9,33.3,4,4,100,0,4,4,2,0,1,0,2,0,0,-12
Luol Deng,LAL,31,42,15,27,1151,348,134,338,39.6,43,127,33.9,37,54,68.5,53,188,241,67,34,41,12,48,5,0,-161
Luke Babbitt,MIA,27,32,9,23,500,146,53,143,37.1,33,92,35.9,7,11,63.6,6,57,63,14,10,9,6,44,0,0,-51
Luis Scola,BKN,36,29,6,23,380,153,61,128,47.7,13,37,35.1,18,28,64.3,45,68,113,27,29,10,4,48,1,0,-89
Lucas Nogueira,TOR,24,32,20,12,657,154,62,93,66.7,1,5,20,29,43,67.4,57,98,155,29,26,30,59,82,0,0,173
Luc Mbah a Moute,LAC,30,39,25,14,918,255,96,200,48,26,66,39.4,37,54,68.5,31,66,97,16,29,43,21,56,0,0,192
Lou Williams,LAL,30,43,15,28,1036,755,232,538,43.1,79,215,36.7,212,245,86.5,10,83,93,130,92,48,7,46,0,0,64
Leandro Barbosa,PHX,34,38,12,26,504,224,95,205,46.3,22,49,44.9,12,14,85.7,9,45,54,46,17,19,3,42,0,0,-39
LeBron James,CLE,32,36,29,7,1335,929,343,663,51.7,65,172,37.8,178,253,70.4,50,229,279,298,146,52,20,58,16,3,313
Lavoy Allen,IND,27,30,15,15,363,42,19,59,32.2,0,1,0,4,6,66.7,31,39,70,29,8,8,8,33,0,0,-123
Larry Nance Jr.,LAL,24,28,11,17,627,195,87,149,58.4,2,12,16.7,19,27,70.4,43,111,154,37,22,33,18,67,2,0,-10
Langston Galloway,NOP,25,39,15,24,830,369,133,348,38.2,75,199,37.7,28,37,75.7,15,75,90,52,26,34,4,56,0,0,-63
Lance Thomas,NYK,28,29,10,19,525,144,53,139,38.1,21,49,42.9,17,20,85,15,41,56,16,16,14,3,51,0,0,-127
Lance Stephenson,NOP,26,6,0,6,162,58,26,55,47.3,1,10,10,5,8,62.5,3,15,18,29,11,2,1,18,0,0,-10
LaMarcus Aldridge,SAS,31,35,28,7,1125,617,243,480,50.6,14,28,50,117,141,83,78,173,251,71,50,23,36,78,7,0,209
Kyrie Irving,CLE,24,34,26,8,1189,810,299,643,46.5,80,195,41,132,147,89.8,31,88,119,194,89,39,4,62,6,0,179
Kyle Wiltjer,HOU,24,9,8,1,29,10,3,10,30,3,10,30,1,2,50,3,4,7,0,3,0,1,3,0,0,-28
Kyle Singler,OKC,28,21,12,9,216,44,16,41,39,5,21,23.8,7,8,87.5,1,22,23,4,9,2,3,16,0,0,11
Kyle O'Quinn,NYK,26,38,17,21,589,241,108,192,56.3,0,7,0,25,36,69.4,79,139,218,42,38,16,49,87,5,0,-35
Kyle Lowry,TOR,30,39,26,13,1459,872,276,578,47.8,129,290,44.5,191,230,83,36,158,194,279,115,63,13,110,7,0,288
Kyle Korver,CLE,35,35,17,18,963,327,117,265,44.2,69,170,40.6,24,27,88.9,2,98,100,78,42,24,13,53,0,0,-138
Kyle Anderson,SAS,23,34,27,7,443,89,33,75,44,6,15,40,17,20,85,14,76,90,31,17,21,10,27,0,0,67
Kristaps Porzingis,NYK,21,36,17,19,1227,700,254,566,44.9,76,189,40.2,116,147,78.9,60,209,269,49,64,27,72,133,8,0,-39
Kris Humphries,ATL,31,30,18,12,318,132,46,113,40.7,7,25,28,33,38,86.8,33,59,92,16,18,6,12,30,0,0,-26
Kris Dunn,MIN,22,40,14,26,668,160,62,161,38.5,10,34,29.4,26,42,61.9,14,73,87,94,51,40,17,84,0,0,-64
Kosta Koufos,SAC,27,39,16,23,751,236,109,187,58.3,0,1,0,18,34,52.9,73,153,226,22,36,20,23,85,1,0,-25
Klay Thompson,GSW,26,39,33,6,1343,831,318,673,47.3,117,300,39,78,93,83.9,24,121,145,79,71,32,17,71,0,0,429
Kevon Looney,GSW,20,30,26,4,255,83,36,60,60,1,4,25,10,17,58.8,25,50,75,17,8,7,14,41,0,0,38
Kevin Seraphin,IND,27,22,10,12,243,100,48,87,55.2,0,0,0,4,6,66.7,26,49,75,14,13,4,9,26,0,0,-47
Kevin Love,CLE,28,35,27,8,1121,741,237,545,43.5,94,244,38.5,173,196,88.3,87,298,385,59,72,32,13,65,24,0,276
Kevin Durant,GSW,28,40,34,6,1382,1038,365,680,53.7,77,196,39.3,231,268,86.2,23,322,345,187,92,45,66,81,15,1,427
Kentavious Caldwell-Pope,DET,23,40,18,22,1342,581,208,488,42.6,88,218,40.4,77,92,83.7,34,102,136,118,51,52,7,67,1,0,36
Kent Bazemore,ATL,27,37,20,17,1004,364,134,367,36.5,38,128,29.7,58,84,69,21,94,115,96,58,48,24,87,0,0,-73
Kenneth Faried,DEN,27,34,15,19,731,311,116,217,53.5,0,4,0,79,112,70.5,110,163,273,28,38,27,31,75,6,0,-100
Kemba Walker,CHA,26,39,20,19,1318,895,320,692,46.2,108,261,41.4,147,177,83.1,24,141,165,212,91,49,9,63,5,0,138
Kelly Oubre Jr.,WAS,21,36,17,19,677,208,76,186,40.9,25,84,29.8,31,41,75.6,26,102,128,23,25,26,4,83,1,0,-94
Kelly Olynyk,BOS,25,34,22,12,710,286,104,222,46.8,38,102,37.3,40,54,74.1,23,120,143,68,40,27,15,87,0,0,42
Kay Felder,CLE,21,22,14,8,234,112,40,98,40.8,4,13,30.8,28,37,75.7,2,26,28,35,10,7,3,24,0,0,-12
Kawhi Leonard,SAS,25,37,29,8,1225,897,294,615,47.8,76,185,41.1,233,256,91,46,166,212,113,67,70,26,55,6,0,237
Karl-Anthony Towns,MIN,21,40,14,26,1427,877,336,688,48.8,45,147,30.6,160,196,81.6,140,338,478,118,108,24,60,121,30,1,-29
KJ McDaniels,HOU,23,21,15,6,187,64,25,59,42.4,7,24,29.2,7,8,87.5,4,21,25,3,10,5,8,18,0,0,-26
Jusuf Nurkic,DEN,22,34,13,21,665,310,133,251,53,0,0,0,44,84,52.4,77,148,225,47,71,23,31,73,5,0,-120
Justise Winslow,MIA,20,18,4,14,625,196,80,226,35.4,7,35,20,29,47,61.7,23,71,94,66,33,26,6,52,1,0,-6
Justin Holiday,NYK,27,40,18,22,754,275,100,239,41.8,42,115,36.5,33,38,86.8,16,97,113,44,35,32,12,63,0,0,-43
Justin Hamilton,BKN,26,34,7,27,693,234,90,211,42.7,36,114,31.6,18,25,72,40,116,156,30,27,20,22,49,1,0,-148
Justin Anderson,DAL,23,36,10,26,581,252,86,219,39.3,28,92,30.4,52,67,77.6,33,88,121,23,31,22,16,54,0,0,-131
Julius Randle,LAL,22,38,14,24,1123,528,202,407,49.6,5,22,22.7,119,166,71.7,73,255,328,146,97,31,19,132,10,2,-143
Juan Hernangomez,DEN,21,26,10,16,265,87,28,60,46.7,11,27,40.7,20,31,64.5,14,47,61,11,7,8,7,22,0,0,-3
Jrue Holiday,NOP,26,25,14,11,773,363,137,319,42.9,35,94,37.2,54,77,70.1,13,76,89,174,62,32,10,63,4,0,22
Josh Richardson,MIA,23,28,7,21,875,314,122,310,39.4,45,144,31.3,25,34,73.5,14,79,93,77,42,27,14,74,0,0,-74
Josh McRoberts,MIA,29,22,6,16,381,107,44,118,37.3,13,31,41.9,6,9,66.7,23,51,74,50,23,10,4,31,0,0,-73
Jose Calderon,LAL,35,17,5,12,208,66,26,56,46.4,10,25,40,4,4,100,7,27,34,36,22,5,1,15,0,0,-118
Jordan Mickey,BOS,22,10,5,5,82,26,11,21,52.4,0,0,0,4,8,50,9,10,19,4,6,1,1,8,0,0,-40
Jordan McRae,CLE,25,26,18,8,282,125,44,120,36.7,12,37,32.4,25,31,80.6,4,30,34,16,11,7,5,24,0,0,-40
Jordan Hill,MIN,29,5,2,3,40,10,4,11,36.4,0,0,0,2,2,100,7,6,13,0,3,1,0,9,0,0,6
Jordan Farmar,SAC,30,2,1,1,35,12,4,12,33.3,4,9,44.4,0,0,0,1,2,3,9,3,2,0,1,0,0,-1
Jordan Clarkson,LAL,24,43,15,28,1168,589,234,523,44.7,57,167,34.1,64,84,76.2,33,89,122,92,76,53,4,76,0,0,-151
Jonathon Simmons,SAS,27,39,31,8,729,244,90,205,43.9,16,51,31.4,48,64,75,12,71,83,71,41,23,16,72,0,0,177
Jonathan Gibson,DAL,29,17,4,13,231,106,35,95,36.8,15,45,33.3,21,29,72.4,1,21,22,26,21,8,0,21,0,0,-83
Jonas Valanciunas,TOR,24,37,25,12,993,450,178,333,53.5,0,0,0,94,108,87,117,245,362,23,52,18,28,102,14,0,73
Jonas Jerebko,BOS,29,40,25,15,667,181,70,152,46.1,27,73,37,14,18,77.8,33,100,133,32,22,19,8,67,0,0,12
Jon Leuer,DET,27,38,18,20,1017,413,166,326,50.9,30,94,31.9,51,57,89.5,54,176,230,64,31,19,13,74,2,0,71
John Wall,WAS,26,36,19,17,1319,821,303,660,45.9,38,125,30.4,177,216,81.9,31,130,161,369,157,81,20,76,23,0,82
John Lucas III,MIN,34,5,3,2,11,2,1,4,25,0,1,0,0,0,0,0,0,0,1,0,2,0,0,0,0,12
John Jenkins,PHX,25,4,0,4,13,7,2,5,40,1,2,50,2,2,100,0,1,1,1,0,0,0,0,0,0,9
John Henson,MIL,26,36,19,17,721,241,96,195,49.2,0,1,0,49,71,69,54,133,187,39,35,17,49,90,0,0,-52
Joffrey Lauvergne,OKC,25,35,22,13,484,183,70,154,45.5,19,54,35.2,24,40,60,34,86,120,33,21,14,5,52,0,0,-62
Joel Embiid,PHI,22,27,10,17,681,529,172,373,46.1,29,84,34.5,156,197,79.2,54,150,204,53,99,21,63,99,7,0,35
Joel Bolomboy,UTA,22,9,6,3,20,8,3,5,60,0,1,0,2,4,50,1,9,10,1,1,1,1,1,0,0,-2
Joe Young,IND,24,20,10,10,107,54,21,58,36.2,4,20,20,8,11,72.7,1,13,14,12,4,4,0,5,0,0,-41
Joe Johnson,UTA,35,41,25,16,907,334,129,300,43,46,120,38.3,30,37,81.1,13,104,117,65,36,15,8,49,0,0,43
Joe Ingles,UTA,29,41,25,16,832,259,90,192,46.9,52,118,44.1,27,35,77.1,8,100,108,89,39,38,3,79,0,0,13
Joe Harris,BKN,25,37,8,29,852,322,117,270,43.3,59,163,36.2,29,39,74.4,12,104,116,42,42,23,5,90,0,0,-196
Jodie Meeks,ORL,29,21,10,11,432,186,61,145,42.1,32,76,42.1,32,35,91.4,2,41,43,27,17,25,2,23,0,0,-43
Joakim Noah,NYK,31,36,14,22,820,206,90,179,50.3,0,1,0,26,61,42.6,128,191,319,83,47,25,30,102,5,0,-95
Jimmy Butler,CHI,27,38,19,19,1392,950,292,649,45,46,135,34.1,320,364,87.9,69,187,256,173,79,65,11,67,6,0,108
Jerryd Bayless,PHI,28,3,1,2,71,33,11,32,34.4,2,5,40,9,10,90,3,9,12,13,9,0,0,4,0,0,-21
Jerian Grant,CHI,24,32,14,18,486,162,57,149,38.3,17,53,32.1,31,32,96.9,8,41,49,51,19,28,3,52,0,0,1
Jeremy Lin,BKN,28,12,3,9,300,167,61,130,46.9,16,48,33.3,29,41,70.7,2,37,39,70,32,16,7,12,2,0,-51
Jeremy Lamb,CHA,24,28,14,14,498,258,95,216,44,15,65,23.1,53,64,82.8,15,119,134,34,17,10,11,39,1,0,-18
Jerami Grant,OKC,22,40,21,19,852,249,88,185,47.6,21,56,37.5,52,87,59.8,11,86,97,19,23,18,45,78,0,0,-74
Jeff Withey,UTA,26,25,16,9,223,67,24,42,57.1,0,1,0,19,24,79.2,22,38,60,2,8,9,19,26,0,0,-21
Jeff Teague,IND,28,39,20,19,1242,608,198,449,44.1,35,111,31.5,177,209,84.7,19,137,156,308,107,63,19,87,7,0,-27
Jeff Green,ORL,30,40,17,23,951,363,125,324,38.6,35,119,29.4,78,92,84.8,20,96,116,51,48,17,8,55,1,0,-133
Jaylen Brown,BOS,20,39,24,15,505,182,72,166,43.4,13,42,31,25,39,64.1,22,52,74,23,24,13,11,53,0,0,-26
Jason Terry,MIL,39,33,17,16,576,108,36,96,37.5,28,70,40,8,10,80,6,34,40,49,12,17,6,37,0,0,95
Jason Smith,WAS,30,36,18,18,419,150,68,131,51.9,3,6,50,11,16,68.8,30,68,98,13,30,9,19,75,0,0,-106
Jarnell Stokes,DEN,23,2,0,2,7,3,1,1,100,0,0,0,1,2,50,1,1,2,2,0,1,0,3,0,0,0
Jarell Martin,MEM,22,38,22,16,532,155,54,141,38.3,9,25,36,38,48,79.2,37,117,154,6,27,15,8,89,1,0,-42
Jared Dudley,PHX,31,30,9,21,682,239,86,175,49.1,44,100,44,23,37,62.2,16,89,105,50,39,22,7,78,0,0,-45
James Young,BOS,21,11,6,5,64,14,6,14,42.9,2,7,28.6,0,0,0,2,9,11,3,1,3,0,2,0,0,34
James Michael McAdoo,GSW,24,15,12,3,83,17,8,20,40,0,3,0,1,5,20,1,11,12,3,4,1,3,5,0,0,-6
James Jones,CLE,36,24,16,8,159,64,20,39,51.3,17,28,60.7,7,9,77.8,1,14,15,4,4,2,5,13,0,0,-35
James Johnson,MIA,29,36,11,25,913,421,156,316,49.4,48,125,38.4,61,88,69.3,33,143,176,105,74,27,35,93,2,0,-77
James Harden,HOU,27,42,31,11,1539,1201,348,786,44.3,129,371,34.8,376,443,84.9,54,290,344,493,243,58,17,105,34,11,253
James Ennis III,MEM,26,28,16,12,713,231,77,163,47.2,27,65,41.5,50,62,80.6,36,87,123,32,26,24,7,83,1,0,59
Jameer Nelson,DEN,34,38,15,23,934,326,129,297,43.4,49,128,38.3,19,28,67.9,14,64,78,165,72,25,2,106,1,0,1
Jamal Murray,DEN,19,38,15,23,763,305,109,290,37.6,48,149,32.2,39,47,83,24,74,98,67,46,18,11,56,0,0,34
Jamal Crawford,LAC,36,41,27,14,1087,496,181,450,40.2,50,157,31.8,84,95,88.4,6,56,62,112,72,26,8,57,0,0,51
Jakob Poeltl,TOR,21,21,17,4,222,50,18,41,43.9,0,0,0,14,25,56,31,29,60,4,7,9,6,41,0,0,-19
Jake Layman,POR,22,21,8,13,129,51,17,52,32.7,9,35,25.7,8,11,72.7,2,10,12,6,4,6,1,12,0,0,31
Jahlil Okafor,PHI,21,28,7,21,628,299,128,250,51.2,0,0,0,43,72,59.7,44,91,135,30,40,10,31,70,1,0,-184
Jae Crowder,BOS,26,32,22,10,1019,415,145,299,48.5,72,168,42.9,53,60,88.3,17,142,159,69,35,34,11,74,1,0,146
Jabari Parker,MIL,21,38,20,18,1297,789,308,620,49.7,56,133,42.1,117,161,72.7,59,159,218,100,59,40,13,79,0,0,5
JaVale McGee,GSW,28,36,30,6,290,195,86,131,65.6,0,2,0,23,49,46.9,31,57,88,8,22,8,21,43,0,0,77
JaMychal Green,MEM,26,41,25,16,1207,363,130,285,45.6,29,81,35.8,74,96,77.1,87,217,304,51,50,33,26,147,5,0,-12
JR Smith,CLE,31,21,16,5,607,181,62,184,33.7,50,138,36.2,7,9,77.8,8,37,45,26,15,26,9,47,0,0,110
JJ Redick,LAC,32,38,26,12,1052,598,205,445,46.1,100,229,43.7,88,102,86.3,6,77,83,43,51,23,5,60,0,0,272
J.J. Barea,DAL,32,14,4,10,370,169,61,159,38.4,20,61,32.8,27,28,96.4,4,38,42,73,24,9,1,11,0,0,-30
Ivica Zubac,LAL,19,8,2,6,69,23,9,24,37.5,0,0,0,5,6,83.3,5,8,13,2,4,3,1,8,0,0,-22
Ish Smith,DET,28,41,18,23,1017,335,143,351,40.7,14,55,25.5,35,50,70,12,99,111,208,59,31,14,68,1,0,-10
Isaiah Whitehead,BKN,21,31,6,25,701,213,84,209,40.2,17,57,29.8,28,37,75.7,9,71,80,87,72,20,19,82,1,0,-79
Isaiah Thomas,BOS,27,36,24,12,1222,1016,315,692,45.5,103,272,37.9,283,312,90.7,21,76,97,222,87,29,5,79,4,0,55
Isaiah Canaan,CHI,25,28,13,15,519,160,57,152,37.5,22,83,26.5,24,27,88.9,6,38,44,30,19,19,1,33,0,0,-70
Iman Shumpert,CLE,26,38,28,10,918,270,93,218,42.7,44,115,38.3,40,51,78.4,23,80,103,64,45,34,12,74,0,0,-7
Ian Mahinmi,WAS,30,1,0,1,14,1,0,1,0,0,0,0,1,2,50,0,1,1,0,2,1,1,3,0,0,-11
Ian Clark,GSW,25,37,31,6,523,268,103,202,51,36,83,43.4,26,34,76.5,9,41,50,42,17,19,4,36,0,0,58
Hollis Thompson,PHI,25,31,9,22,561,171,66,159,41.5,26,71,36.6,13,20,65,15,69,84,26,9,14,6,55,0,0,-90
Henry Ellenson,DET,20,13,5,8,54,19,7,22,31.8,4,14,28.6,1,1,100,2,10,12,3,5,0,0,2,0,0,-17
Hassan Whiteside,MIA,27,37,10,27,1252,650,274,493,55.6,0,0,0,102,185,55.1,145,384,529,27,77,29,80,114,26,0,-100
Harrison Barnes,DAL,24,39,12,27,1402,813,327,683,47.9,43,120,35.8,116,135,85.9,53,158,211,58,50,35,10,67,1,0,-96
Greivis Vasquez,BKN,29,3,1,2,39,7,2,8,25,1,3,33.3,2,3,66.7,0,2,2,5,1,1,1,6,0,0,-13
Greg Monroe,MIL,26,37,20,17,789,399,159,305,52.1,0,1,0,81,109,74.3,70,192,262,87,56,47,18,60,9,0,145
Gorgui Dieng,MIN,26,40,14,26,1311,416,175,339,51.6,6,18,33.3,60,78,76.9,91,212,303,82,64,38,47,133,6,0,16
Gordon Hayward,UTA,26,34,22,12,1183,752,243,524,46.4,67,173,38.7,199,228,87.3,20,179,199,118,73,36,12,59,2,0,162
Goran Dragic,MIA,30,33,10,23,1130,626,228,502,45.4,50,126,39.7,120,148,81.1,21,102,123,211,104,29,7,93,3,0,-127
Glenn Robinson,IND,23,37,19,18,844,229,85,206,41.3,25,72,34.7,34,44,77.3,34,110,144,28,24,18,14,38,3,0,-16
Giannis Antetokounmpo,MIL,22,37,20,17,1284,858,310,582,53.3,26,88,29.5,212,272,77.9,67,256,323,209,109,68,75,121,16,2,118
Gerald Henderson,PHI,29,33,10,23,815,318,122,263,46.4,28,70,40,46,55,83.6,13,72,85,54,28,20,7,61,0,0,-125
Gerald Green,BOS,30,22,15,7,245,125,44,113,38.9,20,56,35.7,17,20,85,11,35,46,20,11,6,4,22,0,0,-11
Georgios Papagiannis,SAC,19,2,0,2,9,2,1,1,100,0,0,0,0,0,0,0,1,1,0,1,0,0,3,0,0,0
Georges Niang,IND,23,17,9,8,80,13,5,29,17.2,1,10,10,2,2,100,2,12,14,5,5,1,0,6,0,0,-15
George Hill,UTA,30,17,13,4,525,313,111,209,53.1,39,76,51.3,52,67,77.6,9,55,64,71,25,17,4,38,0,0,180
Gary Harris,DEN,22,17,7,10,475,221,83,175,47.4,22,56,39.3,33,46,71.7,14,37,51,52,17,15,3,31,0,0,9
Garrett Temple,SAC,30,39,16,23,1002,294,106,239,44.4,49,126,38.9,33,40,82.5,24,82,106,81,39,44,19,77,0,0,-16
Fred VanVleet,TOR,22,10,9,1,48,18,8,19,42.1,2,4,50,0,0,0,0,3,3,7,1,6,0,4,0,0,28
Frank Kaminsky,CHA,23,38,18,20,930,387,143,371,38.5,45,157,28.7,56,75,74.7,35,136,171,76,39,22,15,54,0,0,-13
Evan Turner,POR,28,39,18,21,1001,364,143,332,43.1,20,70,28.6,58,68,85.3,21,134,155,128,62,34,14,69,2,0,-201
Evan Fournier,ORL,24,36,14,22,1189,612,218,492,44.3,62,173,35.8,114,138,82.6,21,89,110,120,74,36,2,98,0,0,-91
Ersan Ilyasova,PHI,29,37,15,22,1016,525,194,433,44.8,75,208,36.1,62,77,80.5,46,182,228,60,52,20,12,87,7,0,-15
Eric Gordon,HOU,28,40,30,10,1225,709,242,563,43,148,362,40.9,77,91,84.6,12,96,108,115,70,25,21,85,0,0,193
Eric Bledsoe,PHX,27,39,12,27,1268,785,271,602,45,55,178,30.9,188,227,82.8,33,160,193,226,123,59,19,107,4,0,-152
Enes Kanter,OKC,24,41,24,17,871,579,227,400,56.8,5,29,17.2,120,154,77.9,102,168,270,40,62,17,29,88,10,0,40
Emmanuel Mudiay,DEN,20,37,15,22,1066,448,157,424,37,43,141,30.5,91,117,77.8,21,114,135,147,95,30,10,72,0,0,-142
Elfrid Payton,ORL,22,41,17,24,1170,471,197,436,45.2,24,90,26.7,53,86,61.6,33,118,151,236,81,47,24,84,3,0,-84
Edy Tavares,ATL,24,1,1,0,4,2,1,1,100,0,0,0,0,2,0,0,1,1,0,0,0,0,0,0,0,6
Ed Davis,POR,27,39,17,22,675,162,60,117,51.3,0,0,0,42,63,66.7,80,127,207,21,32,14,20,117,2,0,-58
E'Twaun Moore,NOP,27,36,15,21,893,347,143,320,44.7,39,105,37.1,22,30,73.3,17,59,76,87,38,22,17,68,0,0,-51
Dwyane Wade,CHI,34,36,17,19,1098,676,248,577,43,34,103,33,146,180,81.1,38,109,147,137,80,50,24,66,1,0,-10
Dwight Powell,DAL,25,39,12,27,780,296,115,215,53.5,3,13,23.1,63,81,77.8,59,131,190,31,19,44,23,74,1,0,-117
Dwight Howard,ATL,31,35,19,16,1025,486,191,300,63.7,0,0,0,104,190,54.7,162,302,464,40,79,31,46,106,25,0,-4
Draymond Green,GSW,26,38,32,6,1255,405,146,329,44.4,42,131,32.1,71,104,68.3,58,267,325,291,89,78,47,117,12,2,383
Dragan Bender,PHX,19,32,8,24,390,102,39,101,38.6,21,65,32.3,3,8,37.5,11,53,64,12,24,9,16,43,1,0,0
Doug McDermott,CHI,25,27,13,14,709,263,100,230,43.5,29,86,33.7,34,38,89.5,11,72,83,32,20,8,2,36,1,0,44
Dorian Finney-Smith,DAL,23,38,12,26,832,185,66,165,40,32,101,31.7,21,27,77.8,25,77,102,36,26,21,12,66,0,0,-88
Donatas Motiejunas,NOP,26,3,2,1,56,15,5,14,35.7,2,5,40,3,6,50,4,8,12,10,3,4,1,6,0,0,-20
Domantas Sabonis,OKC,20,41,24,17,858,246,100,239,41.8,33,91,36.3,13,18,72.2,21,126,147,48,41,22,19,101,1,0,1
Dirk Nowitzki,DAL,38,14,3,11,344,185,68,172,39.5,22,61,36.1,27,30,90,6,70,76,22,14,5,7,30,0,0,-115
Dion Waiters,MIA,25,21,6,15,623,269,105,286,36.7,24,78,30.8,35,52,67.3,7,57,64,80,41,19,10,53,0,0,-53
Diamond Stone,LAC,19,4,4,0,16,6,2,9,22.2,0,0,0,2,2,100,1,2,3,0,1,0,1,4,0,0,-19
Deyonta Davis,MEM,20,21,14,7,165,46,20,34,58.8,0,0,0,6,11,54.5,15,27,42,2,8,1,12,29,0,0,-7
Dewayne Dedmon,SAS,27,33,25,8,513,159,65,111,58.6,0,0,0,29,42,69,52,141,193,16,18,16,31,77,1,0,101
Devin Harris,DAL,33,23,9,14,352,120,40,102,39.2,20,61,32.8,20,24,83.3,4,39,43,29,16,11,1,26,0,0,-54
Devin Booker,PHX,20,38,12,26,1281,751,276,660,41.8,68,192,35.4,131,162,80.9,21,87,108,119,105,38,9,118,0,0,-115
Derrick Williams,MIA,25,23,3,20,369,146,53,135,39.3,9,44,20.5,31,50,62,16,56,72,14,12,9,5,31,0,0,-27
Derrick Rose,NYK,28,35,17,18,1120,613,246,546,45.1,12,49,24.5,109,127,85.8,38,97,135,154,84,25,12,50,1,0,-26
"Derrick Jones, Jr.",PHX,19,2,0,2,6,3,1,1,100,0,0,0,1,1,100,0,0,0,0,0,0,0,1,0,0,3
Derrick Favors,UTA,25,26,17,9,590,229,92,208,44.2,2,5,40,43,69,62.3,37,118,155,25,31,21,25,57,2,0,24
Deron Williams,DAL,32,31,10,21,942,435,160,375,42.7,52,148,35.1,63,73,86.3,12,65,77,212,77,17,2,78,2,0,-72
Denzel Valentine,CHI,23,24,11,13,282,82,28,86,32.6,19,58,32.8,7,8,87.5,1,37,38,15,12,9,1,24,0,0,-46
Dennis Schroder,ATL,23,39,22,17,1201,679,261,568,46,51,142,35.9,106,131,80.9,21,96,117,242,115,33,7,69,6,0,-45
Demetrius Jackson,BOS,22,4,1,3,17,10,3,4,75,1,1,100,3,6,50,2,2,4,3,0,0,0,0,0,0,1
Dejounte Murray,SAS,20,20,16,4,114,53,20,48,41.7,5,9,55.6,8,14,57.1,3,11,14,17,17,4,2,11,0,0,-22
DeMarre Carroll,TOR,30,34,23,11,902,344,119,275,43.3,63,167,37.7,43,57,75.4,28,100,128,29,23,38,13,71,1,0,81
DeMarcus Cousins,SAC,26,38,16,22,1314,1063,357,788,45.3,69,182,37.9,280,360,77.8,74,306,380,157,121,54,52,142,19,0,14
DeMar DeRozan,TOR,27,39,26,13,1386,1099,396,835,47.4,14,58,24.1,293,348,84.2,39,170,209,146,93,50,7,75,2,0,119
DeAndre' Bembry,ATL,22,15,8,7,106,34,15,31,48.4,0,6,0,4,8,50,4,13,17,4,6,2,0,6,0,0,-13
DeAndre Liggins,CLE,28,31,24,7,515,96,34,91,37.4,14,36,38.9,14,22,63.6,11,47,58,34,28,28,11,53,0,0,109
DeAndre Jordan,LAC,28,41,27,14,1307,484,188,281,66.9,0,1,0,108,208,51.9,143,418,561,38,68,23,72,110,16,0,229
Davis Bertans,SAS,24,32,28,4,325,111,36,80,45,25,63,39.7,14,17,82.4,7,30,37,20,12,6,14,33,0,0,72
David West,GSW,36,40,34,6,458,160,66,125,52.8,2,4,50,26,35,74.3,26,85,111,81,41,26,19,58,0,0,71
David Lee,SAS,33,38,30,8,651,250,107,181,59.1,0,0,0,36,48,75,60,129,189,58,37,15,14,54,1,0,131
Darrun Hilliard,DET,23,25,12,13,279,86,31,93,33.3,9,34,26.5,15,22,68.2,2,21,23,23,19,7,1,30,0,0,-2
Darren Collison,SAC,29,31,13,18,911,389,144,314,45.9,34,87,39.1,67,79,84.8,13,47,60,130,49,26,2,47,0,0,-63
Darrell Arthur,DEN,28,17,5,12,251,100,38,79,48.1,21,41,51.2,3,3,100,7,29,36,16,19,4,6,36,0,0,-30
Dario Saric,PHI,22,37,12,25,890,355,128,335,38.2,48,135,35.6,51,65,78.5,46,169,215,59,71,19,8,64,4,0,-118
Danuel House,WAS,23,1,0,1,1,0,0,0,0,0,0,0,0,0,0,0,1,1,0,0,0,0,0,0,0,0
Dante Exum,UTA,21,30,18,12,613,186,70,171,40.9,21,74,28.4,25,30,83.3,15,47,62,53,32,9,8,73,0,0,-70
Dante Cunningham,NOP,29,27,13,14,675,153,59,149,39.6,30,76,39.5,5,9,55.6,19,95,114,16,16,18,14,46,0,0,15
Danny Green,SAS,29,31,25,6,798,242,84,187,44.9,65,143,45.5,9,12,75,9,84,93,59,31,25,20,54,0,0,183
Danilo Gallinari,DEN,28,35,14,21,1189,598,173,405,42.7,66,172,38.4,186,209,89,20,153,173,75,48,24,9,59,2,0,-27
Daniel Ochefu,WAS,23,8,4,4,36,10,5,11,45.5,0,0,0,0,2,0,1,9,10,1,2,0,0,7,0,0,-4
Damjan Rudez,ORL,30,23,8,15,171,41,15,45,33.3,11,35,31.4,0,0,0,5,13,18,8,7,8,0,18,0,0,-15
Damian Lillard,POR,26,37,16,21,1324,974,318,710,44.8,93,273,34.1,245,275,89.1,21,155,176,225,99,28,9,85,8,0,-34
Damian Jones,GSW,21,1,0,1,9,0,0,0,0,0,0,0,0,0,0,0,0,0,0,2,0,0,2,0,0,0
D.J. Augustin,ORL,29,41,17,24,836,362,118,293,40.3,61,162,37.7,65,75,86.7,5,53,58,130,47,19,0,60,0,0,-140
D'Angelo Russell,LAL,20,30,12,18,821,457,161,404,39.9,65,184,35.3,70,91,76.9,16,96,112,139,79,40,9,63,0,0,-63
Cristiano Felicio,CHI,24,32,15,17,468,136,54,105,51.4,0,0,0,28,43,65.1,78,80,158,21,14,11,7,53,2,0,-29
Courtney Lee,NYK,31,35,16,19,1081,343,132,295,44.7,50,115,43.5,29,34,85.3,22,75,97,66,27,30,10,65,0,0,-74
Cory Joseph,TOR,25,38,25,13,839,339,131,292,44.9,22,51,43.1,55,68,80.9,24,82,106,109,40,29,4,60,0,0,28
Corey Brewer,HOU,30,42,31,11,638,177,70,166,42.2,16,69,23.2,21,31,67.7,16,68,84,43,26,24,9,74,0,0,127
Cole Aldrich,MIN,28,36,12,24,399,82,34,64,53.1,0,0,0,14,21,66.7,42,83,125,20,10,19,18,60,1,0,-18
Cody Zeller,CHA,24,33,19,14,877,358,140,239,58.6,0,0,0,78,117,66.7,74,136,210,47,39,24,36,106,3,0,157
Clint Capela,HOU,22,28,21,7,686,331,151,236,64,0,0,0,29,65,44.6,66,158,224,26,37,11,44,75,6,0,50
Christian Wood,CHA,21,1,1,0,3,0,0,1,0,0,1,0,0,0,0,0,2,2,0,0,0,0,0,0,0,-3
Chris Paul,LAC,31,34,25,9,1068,601,199,424,46.9,66,168,39.3,137,157,87.3,23,159,182,330,79,78,5,86,15,1,328
Chris McCullough,BKN,21,10,0,10,56,26,12,26,46.2,1,5,20,1,1,100,8,8,16,2,2,0,2,5,0,0,31
Chris Andersen,CLE,38,12,8,4,114,28,9,22,40.9,0,3,0,10,14,71.4,9,22,31,5,5,5,7,20,0,0,8
Chinanu Onuaku,HOU,20,2,1,1,10,6,2,2,100,0,0,0,2,2,100,1,2,3,1,0,1,0,1,0,0,-12
Cheick Diallo,NOP,20,7,3,4,84,39,16,33,48.5,0,0,0,7,10,70,9,17,26,2,2,2,2,8,1,0,-18
Channing Frye,CLE,33,32,23,9,601,301,104,233,44.6,66,148,44.6,27,31,87.1,16,84,100,19,22,16,14,65,0,0,1
Chandler Parsons,MEM,28,16,11,5,284,101,41,108,38,11,47,23.4,8,9,88.9,2,29,31,17,9,10,2,17,0,0,-17
Carmelo Anthony,NYK,32,39,18,21,1302,863,307,723,42.5,76,217,35,173,203,85.2,32,205,237,123,68,37,15,104,4,0,-66
Caris LeVert,BKN,22,19,3,16,337,111,40,97,41.2,17,58,29.3,14,21,66.7,5,42,47,27,14,14,2,23,0,0,-18
Cameron Payne,OKC,22,4,3,1,55,14,6,19,31.6,2,7,28.6,0,0,0,0,10,10,7,2,0,0,9,0,0,-10
CJ Wilcox,ORL,26,16,6,10,75,14,5,17,29.4,2,12,16.7,2,2,100,2,7,9,9,4,1,1,5,0,0,-7
CJ Watson,ORL,32,29,11,18,362,73,23,81,28.4,11,38,28.9,16,20,80,4,30,34,41,11,13,0,20,0,0,-12
CJ Miles,IND,29,33,17,16,725,368,127,286,44.4,70,164,42.7,44,48,91.7,12,87,99,22,16,22,14,62,0,0,41
CJ McCollum,POR,25,42,18,24,1460,999,375,774,48.4,110,259,42.5,139,154,90.3,35,116,151,158,94,42,31,118,1,0,-20
Buddy Hield,NOP,23,40,16,24,815,362,136,347,39.2,66,176,37.5,24,26,92.3,15,98,113,54,34,13,4,50,0,0,-129
Bryn Forbes,SAS,23,13,10,3,57,10,4,14,28.6,1,7,14.3,1,1,100,0,4,4,1,0,1,0,6,0,0,-32
Bruno Caboclo,TOR,21,7,6,1,23,3,1,5,20,1,3,33.3,0,0,0,3,3,6,3,2,2,0,3,0,0,4
Brook Lopez,BKN,28,36,8,28,1057,724,253,541,46.8,66,188,35.1,152,182,83.5,54,126,180,96,88,21,59,88,2,0,-137
Brian Roberts,CHA,31,10,5,5,56,16,3,14,21.4,0,2,0,10,12,83.3,2,4,6,6,6,1,0,2,0,0,-28
Brandon Rush,MIN,31,15,4,11,218,50,18,45,40,13,29,44.8,1,2,50,6,16,22,11,7,7,7,7,0,0,13
Brandon Knight,PHX,25,38,11,27,849,463,158,403,39.2,36,103,35,111,131,84.7,21,73,94,97,68,23,2,64,0,0,-281
Brandon Jennings,NYK,27,40,18,22,936,337,116,291,39.9,44,133,33.1,61,81,75.3,16,92,108,196,81,36,2,51,1,0,-135
Brandon Ingram,LAL,19,43,15,28,1188,344,120,322,37.3,26,93,28,78,114,68.4,29,145,174,84,56,15,19,84,0,0,-136
Brandon Bass,LAC,31,25,15,10,287,134,52,90,57.8,1,2,50,29,32,90.6,19,36,55,13,16,5,5,20,0,0,-88
Bradley Beal,WAS,23,34,18,16,1174,765,265,579,45.8,100,249,40.2,135,168,80.4,21,74,95,121,62,31,10,74,0,0,130
Boris Diaw,UTA,34,32,19,13,600,148,62,137,45.3,13,38,34.2,11,13,84.6,17,50,67,66,48,7,2,41,0,0,69
Bojan Bogdanovic,BKN,27,39,8,31,1044,554,192,430,44.7,73,196,37.2,97,113,85.8,17,112,129,64,57,17,2,72,0,0,-242
Bobby Portis,CHI,21,26,10,16,309,111,45,96,46.9,10,24,41.7,11,20,55,33,52,85,15,17,5,4,34,0,0,-42
Bobby Brown,HOU,32,9,6,3,29,5,2,14,14.3,1,6,16.7,0,0,0,0,4,4,0,1,0,0,2,0,0,-29
Boban Marjanovic,DET,28,19,9,10,139,77,28,62,45.2,0,0,0,21,27,77.8,26,38,64,3,4,2,8,10,2,0,0
Blake Griffin,LAC,27,26,19,7,875,551,206,429,48,5,22,22.7,134,179,74.9,53,177,230,123,63,27,13,69,11,0,243
Bismack Biyombo,ORL,24,40,17,23,1008,238,88,174,50.6,0,0,0,62,127,48.8,86,217,303,45,53,15,54,96,5,0,-140
Beno Udrih,DET,34,26,12,14,416,170,68,148,45.9,10,28,35.7,24,26,92.3,5,33,38,89,23,7,0,20,0,0,43
Ben McLemore,SAC,23,31,15,16,479,169,65,162,40.1,18,61,29.5,21,28,75,6,33,39,19,22,13,3,37,0,0,-65
Avery Bradley,BOS,26,35,21,14,1224,631,254,530,47.9,75,180,41.7,48,63,76.2,40,205,245,83,62,45,8,96,9,0,-11
Austin Rivers,LAC,24,39,25,14,1013,421,153,348,44,55,137,40.1,60,85,70.6,11,66,77,95,50,29,5,88,0,0,-48
Arron Afflalo,SAC,31,32,13,19,746,238,87,200,43.5,24,65,36.9,40,44,90.9,7,56,63,32,16,10,1,52,0,0,-106
Aron Baynes,DET,30,40,17,23,601,162,60,129,46.5,0,0,0,42,47,89.4,40,112,152,12,30,13,16,85,0,0,53
Arinze Onuaku,ORL,29,8,3,5,28,4,2,4,50,0,0,0,0,0,0,2,4,6,2,2,0,1,3,0,0,-15
Archie Goodwin,NOP,22,3,1,2,30,15,2,5,40,1,2,50,10,10,100,0,0,0,1,0,0,1,1,0,0,-2
Anthony Tolliver,SAC,31,27,12,15,567,179,57,130,43.8,33,86,38.4,32,34,94.1,26,70,96,24,14,9,5,43,1,0,-63
Anthony Morrow,OKC,31,29,17,12,462,165,64,158,40.5,24,82,29.3,13,16,81.3,7,13,20,15,5,14,2,28,0,0,-34
Anthony Davis,NOP,23,37,15,22,1371,1078,388,783,49.6,21,70,30,281,353,79.6,89,362,451,80,94,51,93,87,25,0,-13
Anthony Brown,NOP,24,9,3,6,143,34,14,41,34.1,6,24,25,0,0,0,6,20,26,6,5,5,1,13,0,0,-11
Anthony Bennett,BKN,23,23,3,20,264,115,38,92,41.3,13,48,27.1,26,36,72.2,25,53,78,12,12,5,3,18,0,0,-68
Andrew Wiggins,MIN,21,40,14,26,1473,878,322,725,44.4,49,143,34.3,185,254,72.8,50,118,168,91,99,30,15,84,1,0,-24
Andrew Nicholson,WAS,27,24,14,10,211,65,28,69,40.6,3,16,18.8,6,10,60,9,22,31,7,10,9,5,34,0,0,-61
Andrew Harrison,MEM,22,40,23,17,1001,280,76,248,30.6,25,105,23.8,103,135,76.3,17,75,92,139,58,38,18,129,0,0,-7
Andrew Bogut,DAL,32,22,6,16,518,67,32,71,45.1,0,1,0,3,11,27.3,50,150,200,45,38,12,21,73,0,0,-28
Andre Roberson,OKC,25,41,24,17,1276,284,113,255,44.3,32,113,28.3,26,62,41.9,38,150,188,43,29,49,41,102,0,0,123
Andre Iguodala,GSW,32,39,34,5,978,222,88,188,46.8,28,85,32.9,18,31,58.1,27,112,139,127,25,32,14,53,0,0,224
Andre Drummond,DET,23,41,17,24,1263,596,257,475,54.1,1,2,50,81,182,44.5,158,393,551,44,83,62,51,120,26,0,-151
Anderson Varejao,GSW,34,10,8,2,68,13,3,10,30,0,0,0,7,9,77.8,11,12,23,8,7,2,2,9,0,0,-34
Amir Johnson,BOS,29,39,24,15,793,250,99,186,53.2,12,31,38.7,40,58,69,67,108,175,73,35,23,26,105,0,0,48
Alonzo Gee,DEN,29,13,4,9,89,11,3,14,21.4,0,3,0,5,9,55.6,4,10,14,6,4,5,1,14,0,0,-18
Allen Crabbe,POR,24,42,18,24,1235,457,161,346,46.5,68,156,43.6,67,78,85.9,13,116,129,53,38,24,8,86,0,0,-136
Alexis Ajinca,NOP,28,21,6,15,297,90,40,86,46.5,0,3,0,10,14,71.4,22,69,91,7,17,8,15,36,0,0,-80
Alex Len,PHX,23,37,11,26,784,304,113,226,50,0,2,0,78,108,72.2,77,178,255,23,49,16,55,122,6,0,-196
Alex Abrines,OKC,23,34,18,16,481,187,61,160,38.1,42,116,36.2,23,26,88.5,10,31,41,16,19,14,4,48,0,0,-41
Alec Burks,UTA,25,5,3,2,21,10,4,9,44.4,0,2,0,2,4,50,0,1,1,1,1,0,0,0,0,0,8
Alan Williams,PHX,23,14,2,12,110,45,18,32,56.3,0,0,0,9,18,50,24,25,49,1,8,7,8,24,2,0,22
Alan Anderson,LAC,34,14,8,6,158,41,15,41,36.6,7,21,33.3,4,7,57.1,3,12,15,6,5,2,0,17,0,0,-29
Al-Farouq Aminu,POR,26,24,11,13,672,168,62,180,34.4,21,81,25.9,23,38,60.5,28,142,170,55,33,25,15,41,2,0,38
Al Jefferson,IND,32,39,20,19,588,311,135,286,47.2,0,1,0,41,55,74.5,50,122,172,35,17,9,11,73,1,0,-52
Al Horford,BOS,30,30,20,10,989,455,180,394,45.7,46,135,34.1,49,60,81.7,45,160,205,147,51,22,56,66,4,0,88
Adreian Payne,MIN,25,10,3,7,88,48,17,38,44.7,2,10,20,12,15,80,6,12,18,4,7,4,4,19,0,0,-19
Aaron Harrison,CHA,22,5,2,3,17,1,0,4,0,0,2,0,1,2,50,0,3,3,3,0,0,0,2,0,0,-5
Aaron Gordon,ORL,21,41,17,24,1105,466,180,409,44,46,141,32.6,60,95,63.2,53,137,190,75,46,29,19,84,2,0,-64
Aaron Brooks,IND,32,36,19,17,543,215,82,190,43.2,29,81,35.8,22,25,88,11,30,41,88,43,20,8,58,0,0,5
AJ Hammons,DAL,24,17,3,14,77,24,9,22,40.9,4,6,66.7,2,10,20,5,15,20,2,3,0,6,10,0,0,30
