PLAYER,TEAM,GP,W,L,MIN,DRIVES,FGM,FGA,FG%,FTM,FTA,FT%,PTS,PTS%,PASS,PASS%,AST,AST%,TO,TOV%,PF,PF%
Arinze Onuaku,ORL,8,3,5,28,0,0,0,0,0,0,0,0,0,0,0,0,0,0,0,0,0
Reggie Bullock,DET,19,9,10,258,2,0,2,0,0,0,0,0,0,0,0,0,0,0,0,0,0
Cheick Diallo,NOP,10,5,5,96,1,0,0,0,0,0,0,0,0,0,0,0,0,1,100,0,0
Jakob Poeltl,TOR,36,24,12,364,4,0,2,0,0,0,0,0,0,1,25,0,0,1,25,0,0
Greivis Vasquez,BKN,3,1,2,39,6,0,2,0,0,0,0,0,0,3,50,0,0,1,16.7,0,0
Deyonta Davis,MEM,28,18,10,190,0,0,0,0,0,0,0,0,0,0,0,0,0,0,0,0,0
Rakeem Christmas,IND,15,6,9,108,1,0,0,0,0,0,0,0,0,0,0,0,0,1,100,0,0
Nick Collison,OKC,14,5,9,81,0,0,0,0,0,0,0,0,0,0,0,0,0,0,0,0,0
AJ Hammons,DAL,17,3,14,77,0,0,0,0,0,0,0,0,0,0,0,0,0,0,0,0,0
Kyle Wiltjer,HOU,10,9,1,31,0,0,0,0,0,0,0,0,0,0,0,0,0,0,0,0,0
Josh Huestis,OKC,1,0,1,7,0,0,0,0,0,0,0,0,0,0,0,0,0,0,0,0,0
RJ Hunter,CHI,3,2,1,9,0,0,0,0,0,0,0,0,0,0,0,0,0,0,0,0,0
Ronnie Price,PHX,4,2,2,10,1,0,0,0,0,0,0,0,0,0,0,0,0,1,100,0,0
Jared Sullinger,TOR,11,2,9,118,5,0,3,0,0,0,0,0,0,2,40,0,0,0,0,0,0
Aaron Harrison,CHA,5,2,3,17,0,0,0,0,0,0,0,0,0,0,0,0,0,0,0,0,0
Jarnell Stokes,DEN,2,0,2,7,0,0,0,0,0,0,0,0,0,0,0,0,0,0,0,0,0
Jordan Hill,MIN,5,2,3,40,0,0,0,0,0,0,0,0,0,0,0,0,0,0,0,0,0
Boban Marjanovic,DET,25,13,12,173,0,0,0,0,0,0,0,0,0,0,0,0,0,0,0,0,0
Damian Jones,GSW,8,6,2,45,0,0,0,0,0,0,0,0,0,0,0,0,0,0,0,0,0
Miles Plumlee,CHA,37,16,21,377,3,0,1,0,0,0,0,0,0,1,33.3,0,0,1,33.3,0,0
Mike Tobey,CHA,2,0,2,25,0,0,0,0,0,0,0,0,0,0,0,0,0,0,0,0,0
Jarrod Uthoff,DAL,1,1,0,2,0,0,0,0,0,0,0,0,0,0,0,0,0,0,0,0,0
Sasha Vujacic,NYK,30,10,20,235,12,0,1,0,0,0,0,0,0,8,66.7,3,25,3,25,0,0
Danuel House,WAS,1,0,1,1,0,0,0,0,0,0,0,0,0,0,0,0,0,0,0,0,0
Mike Miller,DEN,15,5,10,82,3,0,0,0,0,0,0,0,0,3,100,0,0,0,0,0,0
Brice Johnson,LAC,1,0,1,3,0,0,0,0,0,0,0,0,0,0,0,0,0,0,0,0,0
Justin Harper,PHI,3,1,2,31,0,0,0,0,0,0,0,0,0,0,0,0,0,0,0,0,0
Damjan Rudez,ORL,38,11,27,286,5,0,2,0,0,0,0,0,0,3,60,2,40,0,0,0,0
Michael Gbinije,DET,9,7,2,32,1,0,1,0,0,0,0,0,0,0,0,0,0,0,0,0,0
Edy Tavares,ATL,1,1,0,4,0,0,0,0,0,0,0,0,0,0,0,0,0,0,0,0,0
Georgios Papagiannis,SAC,6,1,5,26,0,0,0,0,0,0,0,0,0,0,0,0,0,0,0,0,0
Jeff Withey,UTA,35,24,11,276,1,0,1,0,0,0,0,0,0,0,0,0,0,0,0,0,0
Daniel Ochefu,WAS,15,10,5,49,1,0,1,0,0,0,0,0,0,0,0,0,0,0,0,0,0
Jordan Farmar,SAC,2,1,1,35,8,0,2,0,0,0,0,0,0,5,62.5,1,12.5,1,12.5,0,0
Axel Toupane,MIL,2,1,1,6,0,0,0,0,0,0,0,0,0,0,0,0,0,0,0,0,0
Mike Scott,ATL,18,7,11,195,4,0,1,0,0,0,0,0,0,2,50,1,25,1,25,0,0
Manny Harris,DAL,1,1,0,2,1,0,1,0,0,0,0,0,0,0,0,0,0,0,0,0,0
Bruno Caboclo,TOR,7,6,1,21,2,0,0,0,0,0,0,0,0,0,0,0,0,2,100,0,0
Joel Bolomboy,UTA,9,6,3,20,1,0,0,0,0,0,0,0,0,1,100,0,0,0,0,0,0
Marshall Plumlee,NYK,10,4,6,68,0,0,0,0,0,0,0,0,0,0,0,0,0,0,0,0,0
Joel Anthony,SAS,12,9,3,64,1,0,0,0,0,0,0,0,0,1,100,0,0,0,0,0,0
Stephen Zimmerman,ORL,13,5,8,74,0,0,0,0,0,0,0,0,0,0,0,0,0,0,0,0,0
Steve Novak,MIL,8,6,2,22,0,0,0,0,0,0,0,0,0,0,0,0,0,0,0,0,0
Dewayne Dedmon,SAS,57,44,13,1001,4,0,0,0,0,0,0,0,0,2,50,1,25,2,50,0,0
Bryn Forbes,SAS,21,16,5,106,4,0,0,0,0,0,0,0,0,2,50,0,0,2,50,0,0
Jarrett Jack,NOP,2,1,1,33,1,0,0,0,0,0,0,0,0,1,100,1,100,0,0,0,0
Ben Bentil,DAL,3,2,1,10,0,0,0,0,0,0,0,0,0,0,0,0,0,0,0,0,0
Brandan Wright,MEM,11,7,4,161,2,0,2,0,0,0,0,0,0,0,0,0,0,0,0,0,0
Aron Baynes,DET,62,31,31,930,2,0,0,0,0,0,0,0,0,1,50,0,0,1,50,1,50
JR Smith,CLE,22,16,6,626,18,1,10,10,0,1,0,2,11.1,8,44.4,3,16.7,0,0,1,5.6
Luke Babbitt,MIA,56,29,27,875,43,2,15,13.3,3,4,75,7,16.3,23,53.5,4,9.3,3,7,3,7
Tim Quarterman,POR,13,4,9,44,12,1,2,50,0,0,0,2,16.7,8,66.7,3,25,2,16.7,0,0
Kyle O'Quinn,NYK,63,25,38,969,19,2,12,16.7,0,0,0,4,21.1,6,31.6,1,5.3,0,0,0,0
Briante Weber,CHA,9,7,2,54,9,1,4,25,0,0,0,2,22.2,5,55.6,1,11.1,0,0,0,0
Josh McRoberts,MIA,22,6,16,381,31,3,15,20,1,2,50,7,22.6,11,35.5,1,3.2,3,9.7,2,6.5
Jose Calderon,ATL,26,8,18,316,21,2,5,40,1,1,100,5,23.8,13,61.9,1,4.8,3,14.3,1,4.8
Anthony Brown,ORL,11,3,8,159,8,1,3,33.3,0,0,0,2,25,4,50,1,12.5,1,12.5,0,0
David West,GSW,51,41,10,599,8,1,3,33.3,0,0,0,2,25,5,62.5,1,12.5,0,0,0,0
Joe Young,IND,26,13,13,121,22,2,12,16.7,2,5,40,6,27.3,8,36.4,1,4.5,0,0,3,13.6
Donatas Motiejunas,NOP,25,10,15,367,7,1,4,25,0,0,0,2,28.6,1,14.3,0,0,0,0,1,14.3
Thon Maker,MIL,39,20,19,318,7,1,5,20,0,0,0,2,28.6,1,14.3,0,0,0,0,1,14.3
Lavoy Allen,IND,47,25,22,690,7,1,4,25,0,0,0,2,28.6,3,42.9,2,28.6,0,0,0,0
Okaro White,MIA,21,17,4,337,10,0,4,0,3,4,75,3,30,4,40,0,0,0,0,2,20
Dwight Howard,ATL,60,32,28,1770,10,1,4,25,1,2,50,3,30,3,30,0,0,2,20,1,10
Georges Niang,IND,21,11,10,87,13,2,10,20,0,0,0,4,30.8,2,15.4,0,0,1,7.7,0,0
Kyle Korver,CLE,58,30,28,1568,16,1,7,14.3,3,4,75,5,31.3,5,31.3,2,12.5,1,6.3,3,18.8
Darrell Arthur,DEN,36,16,20,571,24,2,9,22.2,4,4,100,8,33.3,8,33.3,4,16.7,4,16.7,2,8.3
Andrew Nicholson,BKN,30,18,12,250,6,1,4,25,0,0,0,2,33.3,2,33.3,0,0,0,0,0,0
Nicolas Laprovittola,SAS,18,15,3,174,51,7,15,46.7,3,3,100,17,33.3,28,54.9,5,9.8,7,13.7,3,5.9
Roy Hibbert,DEN,44,21,23,675,3,0,1,0,1,2,50,1,33.3,1,33.3,0,0,0,0,1,33.3
Tarik Black,LAL,53,19,34,856,12,2,6,33.3,0,0,0,4,33.3,3,25,0,0,2,16.7,0,0
Tyus Jones,MIN,42,19,23,531,68,7,28,25,9,10,90,23,33.8,26,38.2,9,13.2,6,8.8,6,8.8
Ricky Rubio,MIN,58,24,34,1876,324,34,70,48.6,47,57,82.5,115,35.5,196,60.5,48,14.8,25,7.7,33,10.2
Brandon Rush,MIN,29,11,18,565,14,1,7,14.3,3,4,75,5,35.7,3,21.4,1,7.1,2,14.3,2,14.3
Ron Baker,NYK,35,9,26,429,56,8,22,36.4,4,8,50,20,35.7,24,42.9,7,12.5,4,7.1,5,8.9
Fred VanVleet,TOR,24,15,9,168,66,11,35,31.4,2,2,100,24,36.4,25,37.9,7,10.6,3,4.5,2,3
Rashad Vaughn,MIL,30,14,16,329,22,4,18,22.2,0,0,0,8,36.4,2,9.1,0,0,2,9.1,0,0
Kevon Looney,GSW,47,39,8,407,11,1,6,16.7,2,4,50,4,36.4,1,9.1,0,0,1,9.1,3,27.3
Jameer Nelson,DEN,63,28,35,1677,363,61,122,50,12,16,75,134,36.9,204,56.2,63,17.4,25,6.9,12,3.3
Justin Hamilton,BKN,51,9,42,981,24,4,11,36.4,1,2,50,9,37.5,9,37.5,2,8.3,3,12.5,1,4.2
Trevor Ariza,HOU,66,45,21,2268,178,24,64,37.5,19,28,67.9,67,37.6,88,49.4,26,14.6,12,6.7,17,9.6
Patty Mills,SAS,63,50,13,1364,103,18,38,47.4,3,4,75,39,37.9,53,51.5,14,13.6,7,6.8,3,2.9
Mirza Teletovic,MIL,53,26,27,824,63,7,21,33.3,10,14,71.4,24,38.1,30,47.6,10,15.9,6,9.5,8,12.7
Trey Burke,WAS,54,33,21,662,122,20,47,42.6,7,12,58.3,47,38.5,57,46.7,14,11.5,10,8.2,8,6.6
Sergio Rodriguez,PHI,59,20,39,1328,241,44,96,45.8,6,9,66.7,94,39,118,49,43,17.8,23,9.5,7,2.9
Danny Green,SAS,55,44,11,1506,92,15,37,40.5,6,6,100,36,39.1,39,42.4,12,13,11,12,3,3.3
Rodney McGruder,MIA,61,30,31,1555,97,16,50,32,6,8,75,38,39.2,34,35.1,9,9.3,9,9.3,6,6.2
Andrew Bogut,CLE,27,8,19,583,5,1,4,25,0,0,0,2,40,0,0,0,0,0,0,1,20
Denzel Valentine,CHI,40,18,22,572,35,7,15,46.7,0,2,0,14,40,13,37.1,1,2.9,7,20,1,2.9
Wesley Johnson,LAC,57,33,24,712,5,1,2,50,0,2,0,2,40,2,40,0,0,0,0,1,20
Toney Douglas,MEM,21,13,8,385,50,6,17,35.3,8,10,80,20,40,24,48,5,10,4,8,5,10
Salah Mejri,DAL,57,24,33,730,5,1,2,50,0,0,0,2,40,1,20,0,0,2,40,0,0
CJ Wilcox,ORL,18,7,11,86,5,0,0,0,2,2,100,2,40,1,20,0,0,2,40,2,40
Bobby Brown,HOU,20,15,5,56,5,1,5,20,0,0,0,2,40,0,0,0,0,0,0,0,0
Jared Dudley,PHX,48,14,34,981,62,10,19,52.6,5,7,71.4,25,40.3,26,41.9,10,16.1,9,14.5,7,11.3
Patrick Beverley,HOU,52,36,16,1590,308,50,114,43.9,24,32,75,124,40.3,158,51.3,43,14,15,4.9,24,7.8
Marcelo Huertas,LAL,23,5,18,237,27,3,12,25,5,6,83.3,11,40.7,9,33.3,1,3.7,3,11.1,3,11.1
Spencer Hawes,MIL,40,20,20,663,17,3,11,27.3,1,2,50,7,41.2,4,23.5,1,5.9,1,5.9,2,11.8
Rajon Rondo,CHI,55,26,29,1425,341,65,147,44.2,11,19,57.9,141,41.3,154,45.2,40,11.7,28,8.2,12,3.5
Tyler Ulis,PHX,42,11,31,463,96,17,41,41.5,6,7,85.7,40,41.7,43,44.8,16,16.7,9,9.4,5,5.2
Terry Rozier,BOS,61,37,24,1079,131,23,68,33.8,9,11,81.8,55,42,50,38.2,11,8.4,7,5.3,11,8.4
Wade Baldwin IV,MEM,24,15,9,309,76,8,25,32,16,20,80,32,42.1,33,43.4,5,6.6,7,9.2,11,14.5
Clint Capela,HOU,51,34,17,1199,26,4,15,26.7,3,5,60,11,42.3,4,15.4,0,0,6,23.1,3,11.5
Jeremy Lin,BKN,19,5,14,437,142,23,51,45.1,14,20,70,60,42.3,65,45.8,18,12.7,13,9.2,14,9.9
Derrick Favors,UTA,47,31,16,1134,7,1,4,25,1,2,50,3,42.9,2,28.6,0,0,0,0,1,14.3
Larry Nance Jr.,LAL,46,15,31,1017,14,2,6,33.3,2,2,100,6,42.9,6,42.9,2,14.3,1,7.1,1,7.1
Ty Lawson,SAC,59,21,38,1490,410,63,120,52.5,49,60,81.7,176,42.9,236,57.6,60,14.6,26,6.3,38,9.3
Matt Barnes,GSW,59,24,35,1438,73,13,40,32.5,6,9,66.7,32,43.8,25,34.2,7,9.6,3,4.1,6,8.2
Malcolm Delaney,ATL,63,34,29,1100,109,19,49,38.8,10,12,83.3,48,44,39,35.8,11,10.1,12,11,7,6.4
DeAndre Liggins,CLE,49,33,16,682,70,10,30,33.3,11,16,68.8,31,44.3,29,41.4,4,5.7,5,7.1,11,15.7
Lamar Patterson,ATL,5,1,4,40,9,2,7,28.6,0,1,0,4,44.4,1,11.1,0,0,0,0,1,11.1
Khris Middleton,MIL,12,8,4,322,45,7,19,36.8,6,7,85.7,20,44.4,18,40,5,11.1,6,13.3,5,11.1
Meyers Leonard,POR,55,24,31,898,9,2,4,50,0,0,0,4,44.4,4,44.4,1,11.1,0,0,1,11.1
Lucas Nogueira,TOR,50,29,21,1036,9,2,3,66.7,0,0,0,4,44.4,4,44.4,0,0,2,22.2,0,0
Jason Terry,MIL,56,26,30,1013,49,7,16,43.8,8,10,80,22,44.9,27,55.1,8,16.3,2,4.1,6,12.2
Draymond Green,GSW,62,49,13,2043,129,19,70,27.1,20,32,62.5,58,45,36,27.9,16,12.4,8,6.2,21,16.3
Mike Muscala,ATL,53,29,24,1011,20,3,8,37.5,3,3,100,9,45,7,35,4,20,4,20,2,10
DeAndre' Bembry,ATL,29,14,15,286,31,7,16,43.8,0,0,0,14,45.2,13,41.9,4,12.9,2,6.5,1,3.2
Andre Iguodala,GSW,63,52,11,1648,62,9,17,52.9,10,12,83.3,28,45.2,38,61.3,18,29,1,1.6,7,11.3
Josh Richardson,MIA,36,13,23,1041,141,26,65,40,13,15,86.7,65,46.1,59,41.8,16,11.3,8,5.7,12,8.5
Aaron Brooks,IND,49,28,21,652,145,28,69,40.6,11,13,84.6,67,46.2,51,35.2,19,13.1,14,9.7,7,4.8
Brian Roberts,CHA,29,13,16,263,39,4,17,23.5,10,12,83.3,18,46.2,11,28.2,5,12.8,4,10.3,6,15.4
Matthew Dellavedova,MIL,59,28,31,1571,250,48,113,42.5,21,26,80.8,117,46.8,100,40,35,14,21,8.4,23,9.2
Delon Wright,TOR,10,6,4,156,51,7,15,46.7,10,12,83.3,24,47.1,26,51,5,9.8,1,2,8,15.7
Joe Ingles,UTA,65,41,24,1466,144,27,52,51.9,14,15,93.3,68,47.2,73,50.7,14,9.7,8,5.6,9,6.3
Randy Foye,BKN,50,8,42,940,131,27,58,46.6,8,11,72.7,62,47.3,57,43.5,12,9.2,9,6.9,7,5.3
Kris Dunn,MIN,60,26,34,987,114,19,47,40.4,16,30,53.3,54,47.4,44,38.6,10,8.8,10,8.8,18,15.8
Chris Paul,LAC,44,31,13,1373,241,43,77,55.8,29,32,90.6,115,47.7,125,51.9,46,19.1,16,6.6,22,9.1
Kent Bazemore,ATL,63,34,29,1720,259,45,131,34.4,35,46,76.1,125,48.3,85,32.8,26,10,21,8.1,26,10
Jonathan Gibson,DAL,17,4,13,231,39,4,17,23.5,11,14,78.6,19,48.7,10,25.6,0,0,5,12.8,7,17.9
T.J. McConnell,PHI,63,22,41,1594,420,93,176,52.8,21,24,87.5,207,49.3,198,47.1,57,13.6,34,8.1,16,3.8
Dion Waiters,MIA,42,24,18,1274,465,93,216,43.1,45,68,66.2,231,49.7,187,40.2,59,12.7,26,5.6,41,8.8
Bismack Biyombo,ORL,65,24,41,1537,2,0,0,0,1,2,50,1,50,0,0,0,0,0,0,2,100
Wayne Ellington,MIA,45,25,20,1155,26,5,10,50,3,4,75,13,50,13,50,4,15.4,1,3.8,2,7.7
Maurice Ndour,NYK,22,6,16,149,4,0,1,0,2,2,100,2,50,2,50,1,25,0,0,1,25
Paul Zipser,CHI,28,12,16,455,36,6,15,40,6,7,85.7,18,50,14,38.9,4,11.1,3,8.3,5,13.9
Skal Labissiere,SAC,16,2,14,169,4,1,3,33.3,0,0,0,2,50,1,25,0,0,0,0,0,0
Ian Mahinmi,WAS,14,10,4,227,4,1,2,50,0,2,0,2,50,0,0,0,0,0,0,2,50
Chasson Randle,NYK,10,3,7,101,12,2,7,28.6,2,2,100,6,50,4,33.3,2,16.7,0,0,1,8.3
Paul Pierce,LAC,13,7,6,153,8,2,3,66.7,0,0,0,4,50,3,37.5,0,0,2,25,0,0
Luis Scola,BKN,35,7,28,443,16,3,10,30,2,2,100,8,50,3,18.8,0,0,2,12.5,1,6.3
Al Jefferson,IND,60,31,29,873,4,1,4,25,0,0,0,2,50,0,0,0,0,0,0,0,0
James Jones,CLE,38,24,14,292,4,1,3,33.3,0,0,0,2,50,0,0,0,0,1,25,0,0
C.J. Watson,ORL,51,17,34,860,60,8,20,40,14,17,82.4,30,50,24,40,4,6.7,7,11.7,11,18.3
Cristiano Felicio,CHI,56,26,30,896,12,2,7,28.6,2,4,50,6,50,3,25,0,0,1,8.3,2,16.7
Shelvin Mack,UTA,46,27,19,983,259,53,109,48.6,24,31,77.4,130,50.2,103,39.8,29,11.2,25,9.7,21,8.1
Marcus Smart,BOS,63,39,24,1939,207,34,106,32.1,37,45,82.2,105,50.7,68,32.9,25,12.1,14,6.8,26,12.6
Shabazz Napier,POR,39,17,22,345,59,9,22,40.9,12,17,70.6,30,50.8,22,37.3,10,16.9,5,8.5,10,16.9
Joe Harris,BKN,51,10,41,1116,118,23,55,41.8,14,19,73.7,60,50.8,37,31.4,8,6.8,14,11.9,11,9.3
Ish Smith,DET,64,32,32,1495,396,85,189,45,31,41,75.6,201,50.8,164,41.4,51,12.9,16,4,30,7.6
Raul Neto,UTA,33,21,12,260,57,13,25,52,3,3,100,29,50.9,25,43.9,8,14,4,7,4,7
Yogi Ferrell,DAL,28,13,15,730,159,27,50,54,27,32,84.4,81,50.9,74,46.5,16,10.1,14,8.8,22,13.8
Justise Winslow,MIA,18,4,14,625,125,27,74,36.5,10,16,62.5,64,51.2,38,30.4,14,11.2,5,4,11,8.8
Nik Stauskas,PHI,62,22,40,1676,301,52,117,44.4,51,60,85,155,51.5,121,40.2,30,10,29,9.6,40,13.3
Goran Dragic,MIA,57,30,27,1924,700,146,275,53.1,68,82,82.9,361,51.6,327,46.7,86,12.3,48,6.9,56,8
Dorian Finney-Smith,DAL,62,27,35,1294,85,17,38,44.7,10,16,62.5,44,51.8,28,32.9,3,3.5,7,8.2,11,12.9
Al-Farouq Aminu,POR,43,20,23,1260,164,31,83,37.3,24,29,82.8,86,52.4,49,29.9,12,7.3,17,10.4,16,9.8
Semaj Christon,OKC,47,25,22,657,80,18,47,38.3,6,10,60,42,52.5,25,31.3,5,6.3,6,7.5,6,7.5
Devin Harris,DAL,46,23,23,765,149,23,56,41.1,33,43,76.7,79,53,65,43.6,19,12.8,5,3.4,26,17.4
Deron Williams,CLE,44,15,29,1265,200,43,98,43.9,21,27,77.8,107,53.5,77,38.5,25,12.5,14,7,19,9.5
Malik Beasley,DEN,18,7,11,84,13,3,11,27.3,1,2,50,7,53.8,1,7.7,0,0,0,0,1,7.7
Tony Parker,SAS,48,38,10,1240,365,86,181,47.5,25,37,67.6,197,54,140,38.4,30,8.2,21,5.8,28,7.7
Emmanuel Mudiay,DEN,46,20,26,1246,329,57,143,39.9,64,76,84.2,178,54.1,114,34.7,32,9.7,33,10,44,13.4
Quinn Cook,DAL,5,4,1,77,11,3,4,75,0,2,0,6,54.5,2,18.2,1,9.1,3,27.3,1,9.1
Buddy Hield,SAC,65,24,41,1364,154,34,84,40.5,16,18,88.9,84,54.5,49,31.8,11,7.1,10,6.5,10,6.5
Malcolm Brogdon,MIL,63,30,33,1625,357,76,159,47.8,43,50,86,195,54.6,152,42.6,51,14.3,19,5.3,33,9.2
Kay Felder,CLE,37,24,13,353,93,15,47,31.9,21,27,77.8,51,54.8,25,26.9,10,10.8,8,8.6,14,15.1
Nene,HOU,55,38,17,954,31,8,16,50,1,3,33.3,17,54.8,12,38.7,4,12.9,1,3.2,2,6.5
Jerian Grant,CHI,54,23,31,879,120,22,54,40.7,22,25,88,66,55,51,42.5,11,9.2,5,4.2,14,11.7
Justin Holiday,NYK,65,26,39,1256,69,12,28,42.9,14,17,82.4,38,55.1,22,31.9,8,11.6,9,13,10,14.5
Hollis Thompson,NOP,39,11,28,738,67,15,41,36.6,7,11,63.6,37,55.2,16,23.9,4,6,4,6,8,11.9
Kyle Anderson,SAS,54,43,11,710,76,17,39,43.6,8,10,80,42,55.3,27,35.5,8,10.5,2,2.6,8,10.5
Brandon Jennings,WAS,63,28,35,1490,257,48,113,42.5,46,60,76.7,142,55.3,100,38.9,26,10.1,13,5.1,36,14
James Michael McAdoo,GSW,36,29,7,317,9,1,5,20,3,5,60,5,55.6,1,11.1,1,11.1,1,11.1,3,33.3
Maurice Harkless,POR,59,26,33,1748,106,23,75,30.7,13,21,61.9,59,55.7,12,11.3,2,1.9,9,8.5,12,11.3
DeMarre Carroll,TOR,58,33,25,1594,95,14,52,26.9,25,32,78.1,53,55.8,17,17.9,2,2.1,6,6.3,19,20
PJ Tucker,TOR,63,22,41,1784,82,17,48,35.4,12,16,75,46,56.1,21,25.6,1,1.2,6,7.3,10,12.2
Omri Casspi,NOP,23,9,14,420,41,10,28,35.7,3,4,75,23,56.1,9,22,3,7.3,1,2.4,4,9.8
Andre Roberson,OKC,65,36,29,1981,64,15,38,39.5,6,17,35.3,36,56.3,12,18.8,3,4.7,5,7.8,12,18.8
Jarell Martin,MEM,40,23,17,538,39,9,29,31,4,6,66.7,22,56.4,4,10.3,1,2.6,3,7.7,6,15.4
Juan Hernangomez,DEN,47,21,26,603,23,3,10,30,7,12,58.3,13,56.5,5,21.7,1,4.3,2,8.7,6,26.1
Taurean Prince,ATL,42,21,21,493,83,14,42,33.3,19,23,82.6,47,56.6,20,24.1,6,7.2,9,10.8,12,14.5
Tim Frazier,NOP,49,17,32,1155,251,50,105,47.6,42,55,76.4,142,56.6,100,39.8,28,11.2,19,7.6,35,13.9
Sam Dekker,HOU,66,45,21,1274,118,25,69,36.2,17,27,63,67,56.8,28,23.7,6,5.1,6,5.1,16,13.6
Thabo Sefolosha,ATL,53,30,23,1384,128,29,58,50,15,21,71.4,73,57,49,38.3,10,7.8,7,5.5,13,10.2
Dragan Bender,PHX,36,10,26,453,14,4,8,50,0,1,0,8,57.1,3,21.4,1,7.1,2,14.3,1,7.1
Reggie Williams,NOP,6,1,5,79,7,2,4,50,0,0,0,4,57.1,3,42.9,1,14.3,0,0,0,0
Wesley Matthews,DAL,58,25,33,2052,203,37,92,40.2,41,52,78.8,116,57.1,72,35.5,10,4.9,12,5.9,35,17.2
Paul George,IND,57,30,27,2017,290,51,114,44.7,64,69,92.8,166,57.2,111,38.3,36,12.4,24,8.3,49,16.9
Gary Harris,DEN,40,19,21,1178,152,34,83,41,19,28,67.9,87,57.2,40,26.3,9,5.9,15,9.9,15,9.9
Robert Covington,PHI,58,23,35,1826,225,44,108,40.7,41,52,78.8,129,57.3,62,27.6,14,6.2,28,12.4,30,13.3
Alan Anderson,LAC,25,16,9,274,40,8,17,47.1,7,7,100,23,57.5,15,37.5,4,10,4,10,5,12.5
Kelly Olynyk,BOS,59,37,22,1235,106,21,47,44.7,19,21,90.5,61,57.5,35,33,12,11.3,14,13.2,16,15.1
Domantas Sabonis,OKC,65,36,29,1363,87,23,53,43.4,4,5,80,50,57.5,26,29.9,10,11.5,6,6.9,6,6.9
Cameron Payne,CHI,27,13,14,428,45,12,33,36.4,2,2,100,26,57.8,9,20,2,4.4,4,8.9,1,2.2
Darrun Hilliard,DET,28,15,13,293,38,6,16,37.5,10,11,90.9,22,57.9,11,28.9,2,5.3,6,15.8,6,15.8
Michael Kidd-Gilchrist,CHA,64,29,35,1875,155,33,88,37.5,24,33,72.7,90,58.1,33,21.3,7,4.5,11,7.1,22,14.2
Marco Belinelli,CHA,60,27,33,1460,62,14,29,48.3,8,8,100,36,58.1,25,40.3,4,6.5,5,8.1,5,8.1
Kelly Oubre Jr.,WAS,62,38,24,1213,72,15,45,33.3,12,21,57.1,42,58.3,9,12.5,2,2.8,7,9.7,14,19.4
Elfrid Payton,ORL,66,24,42,1915,603,151,299,50.5,50,78,64.1,352,58.4,215,35.7,59,9.8,44,7.3,58,9.6
Dario Saric,PHI,64,23,41,1635,262,55,107,51.4,43,53,81.1,153,58.4,86,32.8,22,8.4,37,14.1,34,13
D.J. Augustin,ORL,65,24,41,1329,167,34,75,45.3,30,36,83.3,98,58.7,59,35.3,11,6.6,12,7.2,23,13.8
Dejounte Murray,SAS,37,29,8,316,80,19,41,46.3,9,11,81.8,47,58.8,24,30,6,7.5,9,11.3,8,10
Marquese Chriss,PHX,63,20,43,1241,68,14,39,35.9,12,22,54.5,40,58.8,9,13.2,0,0,10,14.7,12,17.6
Stanley Johnson,DET,61,30,31,1045,97,21,39,53.8,15,22,68.2,57,58.8,34,35.1,10,10.3,9,9.3,16,16.5
Ed Davis,POR,46,19,27,789,17,5,10,50,0,0,0,10,58.8,6,35.3,0,0,2,11.8,0,0
Paul Millsap,ATL,62,36,26,2125,270,48,139,34.5,63,86,73.3,159,58.9,64,23.7,16,5.9,22,8.1,50,18.5
Davis Bertans,SAS,52,43,9,602,39,8,16,50,7,11,63.6,23,59,16,41,8,20.5,2,5.1,6,15.4
Solomon Hill,NOP,63,25,38,1806,123,23,63,36.5,27,32,84.4,73,59.3,30,24.4,9,7.3,12,9.8,18,14.6
Joakim Noah,NYK,46,17,29,1015,27,8,19,42.1,0,8,0,16,59.3,3,11.1,1,3.7,0,0,5,18.5
Andre Drummond,DET,64,31,33,1975,47,12,31,38.7,4,12,33.3,28,59.6,4,8.5,1,2.1,5,10.6,8,17
Ben McLemore,SAC,48,21,27,877,57,11,31,35.5,12,13,92.3,34,59.6,16,28.1,3,5.3,3,5.3,8,14
Jordan Mickey,BOS,23,9,14,136,5,1,3,33.3,1,2,50,3,60,1,20,1,20,0,0,1,20
Tyler Zeller,BOS,42,24,18,445,5,1,3,33.3,1,2,50,3,60,1,20,0,0,0,0,1,20
Shaun Livingston,GSW,59,48,11,1022,40,10,18,55.6,4,7,57.1,24,60,13,32.5,2,5,5,12.5,6,15
Rodney Hood,UTA,46,32,14,1313,171,42,103,40.8,19,26,73.1,103,60.2,39,22.8,9,5.3,13,7.6,17,9.9
Jeff Teague,IND,64,33,31,2082,643,141,319,44.2,106,115,92.2,389,60.5,225,35,70,10.9,39,6.1,70,10.9
Dante Exum,UTA,50,31,19,907,213,54,103,52.4,21,28,75,129,60.6,70,32.9,20,9.4,20,9.4,22,10.3
Mason Plumlee,DEN,64,28,36,1750,84,15,41,36.6,21,33,63.6,51,60.7,22,26.2,5,6,4,4.8,22,26.2
Leandro Barbosa,PHX,59,18,41,818,184,48,100,48,16,19,84.2,112,60.9,56,30.4,13,7.1,13,7.1,15,8.2
Spencer Dinwiddie,BKN,40,4,36,879,154,30,63,47.6,33,40,82.5,94,61,61,39.6,12,7.8,10,6.5,22,14.3
Anthony Tolliver,SAC,53,21,32,1234,36,8,15,53.3,6,10,60,22,61.1,11,30.6,3,8.3,5,13.9,6,16.7
Trevor Booker,BKN,58,10,48,1512,174,45,93,48.4,17,26,65.4,107,61.5,56,32.2,11,6.3,10,5.7,17,9.8
Caris LeVert,BKN,38,6,32,790,113,26,44,59.1,18,26,69.2,70,61.9,46,40.7,12,10.6,8,7.1,18,15.9
Tony Allen,MEM,56,29,27,1536,163,44,106,41.5,13,22,59.1,101,62,35,21.5,7,4.3,14,8.6,16,9.8
Arron Afflalo,SAC,54,21,33,1402,66,14,40,35,13,14,92.9,41,62.1,18,27.3,4,6.1,2,3,8,12.1
J.J. Barea,DAL,18,6,12,438,127,29,67,43.3,21,23,91.3,79,62.2,39,30.7,11,8.7,8,6.3,13,10.2
Tyler Johnson,MIA,56,25,31,1692,275,59,136,43.4,53,64,82.8,171,62.2,93,33.8,20,7.3,15,5.5,38,13.8
Chandler Parsons,MEM,33,18,15,652,74,18,41,43.9,10,10,100,46,62.2,22,29.7,5,6.8,5,6.8,6,8.1
Klay Thompson,GSW,63,51,12,2155,199,41,87,47.1,43,53,81.1,125,62.8,70,35.2,12,6,13,6.5,30,15.1
Trey Lyles,UTA,61,38,23,1084,151,36,86,41.9,23,31,74.2,95,62.9,35,23.2,9,6,15,9.9,19,12.6
Beno Udrih,DET,30,15,15,420,70,14,25,56,16,17,94.1,44,62.9,29,41.4,5,7.1,7,10,13,18.6
Tyreke Evans,SAC,32,14,18,616,204,52,119,43.7,25,32,78.1,129,63.2,50,24.5,15,7.4,15,7.4,24,11.8
Devin Booker,PHX,62,20,42,2136,338,70,186,37.6,74,90,82.2,214,63.3,77,22.8,16,4.7,29,8.6,59,17.5
Tyler Ennis,LAL,36,22,14,249,79,24,46,52.2,2,3,66.7,50,63.3,21,26.6,8,10.1,10,12.7,2,2.5
Lance Stephenson,MIN,11,3,8,228,41,11,18,61.1,4,6,66.7,26,63.4,15,36.6,2,4.9,4,9.8,5,12.2
Cory Joseph,TOR,62,35,27,1484,350,89,176,50.6,44,54,81.5,222,63.4,123,35.1,28,8,17,4.9,41,11.7
Tomas Satoransky,WAS,46,29,17,612,74,21,40,52.5,5,8,62.5,47,63.5,22,29.7,9,12.2,4,5.4,9,12.2
Jodie Meeks,ORL,24,10,14,521,47,10,20,50,10,11,90.9,30,63.8,15,31.9,2,4.3,5,10.6,8,17
Pierre Jackson,DAL,9,4,5,84,25,5,14,35.7,6,7,85.7,16,64,8,32,4,16,0,0,6,24
KJ McDaniels,BKN,35,22,13,245,31,8,18,44.4,4,5,80,20,64.5,9,29,2,6.5,2,6.5,3,9.7
Brandon Ingram,LAL,65,20,45,1861,214,48,119,40.3,42,72,58.3,138,64.5,42,19.6,9,4.2,20,9.3,44,20.6
Al Horford,BOS,52,34,18,1703,113,30,56,53.6,13,18,72.2,73,64.6,43,38.1,10,8.8,5,4.4,11,9.7
Jaylen Brown,BOS,62,38,24,1039,122,29,68,42.6,21,39,53.8,79,64.8,28,23,5,4.1,10,8.2,28,23
Boris Diaw,UTA,56,35,21,989,105,30,51,58.8,8,10,80,68,64.8,30,28.6,4,3.8,16,15.2,9,8.6
E'Twaun Moore,NOP,58,23,35,1450,188,53,107,49.5,16,20,80,122,64.9,61,32.4,20,10.6,6,3.2,13,6.9
Dante Cunningham,NOP,50,20,30,1250,20,5,15,33.3,3,5,60,13,65,0,0,0,0,3,15,3,15
Mike Conley,MEM,53,28,25,1759,406,97,205,47.3,70,81,86.4,264,65,129,31.8,38,9.4,33,8.1,55,13.5
Pat Connaughton,POR,29,11,18,209,20,5,8,62.5,3,4,75,13,65,10,50,3,15,1,5,3,15
Jonathon Simmons,SAS,59,49,10,1049,203,43,97,44.3,47,58,81,133,65.5,57,28.1,16,7.9,21,10.3,32,15.8
Tristan Thompson,CLE,63,42,21,1903,29,8,17,47.1,3,6,50,19,65.5,6,20.7,1,3.4,2,6.9,4,13.8
Avery Bradley,BOS,42,25,17,1403,120,35,83,42.2,9,12,75,79,65.8,27,22.5,9,7.5,2,1.7,9,7.5
Kyle Lowry,TOR,55,31,24,2078,565,135,248,54.4,102,130,78.5,373,66,221,39.1,66,11.7,27,4.8,85,15
Glenn Robinson III,IND,62,32,30,1326,50,11,22,50,11,17,64.7,33,66,17,34,4,8,3,6,9,18
Victor Oladipo,OKC,50,28,22,1669,188,52,121,43,20,27,74.1,124,66,37,19.7,7,3.7,16,8.5,19,10.1
Courtney Lee,NYK,60,24,36,1910,103,28,66,42.4,12,16,75,68,66,26,25.2,9,8.7,3,2.9,12,11.7
Jonas Jerebko,BOS,64,41,23,1060,59,16,36,44.4,7,8,87.5,39,66.1,10,16.9,3,5.1,8,13.6,5,8.5
John Wall,WAS,62,40,22,2280,720,168,330,50.9,140,176,79.5,476,66.1,237,32.9,76,10.6,62,8.6,113,15.7
Steven Adams,OKC,63,36,27,1919,3,1,1,100,0,0,0,2,66.7,0,0,0,0,1,33.3,1,33.3
Demetrius Jackson,BOS,5,1,4,17,3,0,0,0,2,2,100,2,66.7,2,66.7,0,0,0,0,1,33.3
Norris Cole,OKC,4,0,4,52,6,2,5,40,0,0,0,4,66.7,0,0,0,0,1,16.7,0,0
"Derrick Jones, Jr.",PHX,15,4,11,139,3,0,0,0,2,2,100,2,66.7,1,33.3,0,0,1,33.3,1,33.3
Alan Williams,PHX,31,8,23,367,9,3,7,42.9,0,0,0,6,66.7,1,11.1,1,11.1,1,11.1,0,0
Mike Dunleavy,ATL,42,29,13,674,27,6,17,35.3,6,8,75,18,66.7,2,7.4,1,3.7,4,14.8,5,18.5
Anderson Varejao,GSW,14,12,2,92,3,1,2,50,0,0,0,2,66.7,0,0,0,0,1,33.3,0,0
Nerlens Noel,DAL,35,19,16,709,21,5,11,45.5,4,6,66.7,14,66.7,4,19,1,4.8,2,9.5,5,23.8
Christian Wood,CHA,9,4,5,75,3,1,2,50,0,0,0,2,66.7,0,0,0,0,1,33.3,0,0
Greg Monroe,MIL,63,31,32,1410,30,7,21,33.3,6,9,66.7,20,66.7,5,16.7,2,6.7,0,0,6,20
Treveon Graham,CHA,21,9,12,122,12,3,7,42.9,2,4,50,8,66.7,3,25,1,8.3,0,0,2,16.7
John Henson,MIL,50,21,29,1001,6,2,5,40,0,0,0,4,66.7,0,0,0,0,0,0,1,16.7
Jake Layman,POR,25,9,16,155,9,1,3,33.3,4,6,66.7,6,66.7,1,11.1,1,11.1,2,22.2,3,33.3
Adreian Payne,MIN,12,4,8,92,9,1,3,33.3,4,4,100,6,66.7,2,22.2,0,0,2,22.2,2,22.2
David Lee,SAS,62,49,13,1155,27,7,17,41.2,4,6,66.7,18,66.7,4,14.8,0,0,3,11.1,3,11.1
Kawhi Leonard,SAS,57,45,12,1932,368,79,157,50.3,87,99,87.9,246,66.8,135,36.7,26,7.1,25,6.8,74,20.1
Dennis Schroder,ATL,64,36,28,1986,777,215,421,51.1,90,110,81.8,520,66.9,232,29.9,59,7.6,50,6.4,70,9
Evan Turner,POR,50,23,27,1311,169,44,88,50,25,28,89.3,113,66.9,52,30.8,12,7.1,13,7.7,21,12.4
Rondae Hollis-Jefferson,BKN,59,10,49,1283,237,49,115,42.6,61,83,73.5,159,67.1,59,24.9,14,5.9,23,9.7,51,21.5
Andrew Harrison,MEM,58,32,26,1204,216,33,87,37.9,79,103,76.7,145,67.1,60,27.8,15,6.9,14,6.5,58,26.9
Ian Clark,GSW,60,48,12,806,73,23,49,46.9,3,6,50,49,67.1,16,21.9,6,8.2,6,8.2,5,6.8
Mindaugas Kuzminskas,NYK,55,21,34,769,73,17,47,36.2,15,18,83.3,49,67.1,10,13.7,4,5.5,7,9.6,11,15.1
Garrett Temple,SAC,52,19,33,1381,67,15,25,60,15,18,83.3,45,67.2,31,46.3,8,11.9,3,4.5,12,17.9
Bradley Beal,WAS,60,39,21,2090,388,96,195,49.2,70,89,78.7,262,67.5,117,30.2,34,8.8,22,5.7,54,13.9
Russell Westbrook,OKC,65,36,29,2265,748,156,328,47.6,194,227,85.5,506,67.6,250,33.4,86,11.5,64,8.6,137,18.3
Dwight Powell,DAL,61,25,36,1066,34,10,24,41.7,3,3,100,23,67.6,5,14.7,2,5.9,3,8.8,2,5.9
Isaiah Whitehead,BKN,56,9,47,1228,273,72,163,44.2,42,48,87.5,186,68.1,60,22,15,5.5,24,8.8,31,11.4
Ramon Sessions,CHA,50,23,27,811,217,42,107,39.3,64,84,76.2,148,68.2,63,29,18,8.3,7,3.2,49,22.6
Eric Bledsoe,PHX,62,20,42,2048,653,158,294,53.7,127,151,84.1,446,68.3,233,35.7,61,9.3,47,7.2,96,14.7
Eric Gordon,HOU,60,41,19,1833,292,74,164,45.1,52,67,77.6,200,68.5,79,27.1,23,7.9,14,4.8,44,15.1
Jamal Murray,DEN,64,29,35,1299,166,48,101,47.5,18,21,85.7,114,68.7,36,21.7,7,4.2,17,10.2,15,9
Timothe Luwawu-Cabarrot,PHI,51,18,33,646,106,24,61,39.3,25,31,80.6,73,68.9,20,18.9,10,9.4,10,9.4,17,16
Corey Brewer,LAL,65,41,24,1003,103,28,66,42.4,15,19,78.9,71,68.9,22,21.4,4,3.9,10,9.7,12,11.7
Monta Ellis,IND,56,30,26,1509,250,66,115,57.4,41,57,71.9,173,69.2,91,36.4,23,9.2,19,7.6,32,12.8
Tony Snell,MIL,63,31,32,1820,65,17,35,48.6,11,14,78.6,45,69.2,18,27.7,4,6.2,2,3.1,8,12.3
Giannis Antetokounmpo,MIL,63,31,32,2242,532,132,250,52.8,105,137,76.6,369,69.4,167,31.4,54,10.2,46,8.6,94,17.7
Jordan Clarkson,LAL,65,20,45,1800,393,118,228,51.8,37,50,74,273,69.5,98,24.9,21,5.3,38,9.7,35,8.9
Aaron Gordon,ORL,64,24,40,1793,155,35,84,41.7,38,55,69.1,108,69.7,35,22.6,8,5.2,12,7.7,33,21.3
Mario Hezonja,ORL,49,15,34,626,43,11,24,45.8,8,9,88.9,30,69.8,12,27.9,2,4.7,3,7,6,14
Kemba Walker,CHA,64,29,35,2209,623,172,354,48.6,92,107,86,436,70,183,29.4,30,4.8,28,4.5,73,11.7
Michael Carter-Williams,CHI,29,16,13,616,137,38,77,49.4,20,28,71.4,96,70.1,41,29.9,17,12.4,9,6.6,18,13.1
Luol Deng,LAL,56,18,38,1486,91,28,58,48.3,8,13,61.5,64,70.3,18,19.8,4,4.4,10,11,10,11
Terrence Ross,ORL,61,33,28,1451,101,30,62,48.4,11,11,100,71,70.3,26,25.7,8,7.9,8,7.9,6,5.9
Noah Vonleh,POR,55,25,30,755,27,8,16,50,3,6,50,19,70.4,8,29.6,3,11.1,0,0,3,11.1
Richard Jefferson,CLE,62,42,20,1257,95,21,45,46.7,25,27,92.6,67,70.5,33,34.7,8,8.4,6,6.3,16,16.8
Patrick McCaw,GSW,55,43,12,768,44,10,25,40,11,15,73.3,31,70.5,8,18.2,2,4.5,2,4.5,8,18.2
Darren Collison,SAC,57,22,35,1760,248,66,141,46.8,42,50,84,175,70.6,70,28.2,18,7.3,9,3.6,31,12.5
Raymond Felton,LAC,63,38,25,1393,233,70,145,48.3,25,29,86.2,165,70.8,67,28.8,17,7.3,11,4.7,18,7.7
Jrue Holiday,NOP,50,23,27,1631,414,120,222,54.1,54,74,73,294,71,122,29.5,42,10.1,28,6.8,47,11.4
Evan Fournier,ORL,53,19,34,1774,371,97,199,48.7,70,88,79.5,264,71.2,106,28.6,31,8.4,24,6.5,55,14.8
Gerald Green,BOS,38,26,12,440,35,9,21,42.9,7,8,87.5,25,71.4,7,20,1,2.9,3,8.6,5,14.3
Troy Daniels,MEM,50,26,24,830,28,5,17,29.4,10,12,83.3,20,71.4,4,14.3,2,7.1,1,3.6,6,21.4
Allen Crabbe,POR,63,28,35,1781,95,23,49,46.9,22,26,84.6,68,71.6,25,26.3,7,7.4,8,8.4,15,15.8
Wilson Chandler,DEN,58,27,31,1804,336,95,191,49.7,51,65,78.5,241,71.7,91,27.1,21,6.3,21,6.3,43,12.8
Joe Johnson,UTA,61,37,24,1387,142,44,83,53,14,17,82.4,102,71.8,40,28.2,11,7.7,11,7.7,11,7.7
Jimmy Butler,CHI,59,30,29,2164,549,105,208,50.5,184,203,90.6,394,71.8,211,38.4,56,10.2,28,5.1,120,21.9
James Harden,HOU,66,45,21,2405,700,182,335,54.3,140,162,86.4,504,72,228,32.6,100,14.3,53,7.6,95,13.6
Troy Williams,HOU,24,15,9,418,43,11,26,42.3,9,12,75,31,72.1,9,20.9,0,0,3,7,7,16.3
Reggie Jackson,DET,44,21,23,1265,317,86,194,44.3,57,65,87.7,229,72.2,72,22.7,23,7.3,18,5.7,37,11.7
James Ennis III,MEM,49,26,23,1170,72,11,32,34.4,30,35,85.7,52,72.2,15,20.8,4,5.6,8,11.1,21,29.2
Nick Young,LAL,58,19,39,1503,65,14,34,41.2,19,25,76,47,72.3,17,26.2,8,12.3,2,3.1,15,23.1
Norman Powell,TOR,60,35,25,1045,235,63,127,49.6,44,59,74.6,170,72.3,58,24.7,17,7.2,22,9.4,35,14.9
Vince Carter,MEM,57,29,28,1350,94,24,50,48,20,28,71.4,68,72.3,26,27.7,7,7.4,5,5.3,18,19.1
Nemanja Bjelica,MIN,62,27,35,1118,123,38,76,50,13,24,54.2,89,72.4,23,18.7,9,7.3,10,8.1,18,14.6
Jabari Parker,MIL,51,22,29,1728,338,92,198,46.5,61,86,70.9,245,72.5,79,23.4,16,4.7,22,6.5,55,16.3
Will Barton,DEN,50,25,25,1438,279,73,159,45.9,57,77,74,203,72.8,67,24,24,8.6,18,6.5,44,15.8
Jon Leuer,DET,59,30,29,1619,70,21,38,55.3,9,10,90,51,72.9,21,30,4,5.7,6,8.6,7,10
Jordan McRae,CLE,37,26,11,384,63,16,50,32,14,17,82.4,46,73,5,7.9,0,0,1,1.6,10,15.9
George Hill,UTA,38,27,11,1212,241,62,111,55.9,51,63,81,176,73,86,35.7,31,12.9,10,4.1,39,16.2
Marcus Thornton,WAS,33,15,18,575,52,16,38,42.1,6,6,100,38,73.1,7,13.5,2,3.8,7,13.5,6,11.5
Sean Kilpatrick,BKN,62,10,52,1605,316,76,170,44.7,79,98,80.6,231,73.1,83,26.3,15,4.7,19,6,62,19.6
Langston Galloway,SAC,58,22,36,1140,41,12,33,36.4,6,7,85.7,30,73.2,6,14.6,2,4.9,1,2.4,6,14.6
JJ Redick,LAC,62,38,24,1746,105,27,62,43.5,23,23,100,77,73.3,21,20,6,5.7,11,10.5,14,13.3
Manu Ginobili,SAS,54,43,11,1011,135,39,82,47.6,21,26,80.8,99,73.3,34,25.2,7,5.2,8,5.9,16,11.9
Nikola Mirotic,CHI,54,27,27,1225,64,15,35,42.9,17,19,89.5,47,73.4,12,18.8,5,7.8,7,10.9,11,17.2
Luc Mbah a Moute,LAC,63,37,26,1406,91,24,52,46.2,19,23,82.6,67,73.6,15,16.5,5,5.5,10,11,18,19.8
Brandon Knight,PHX,53,16,37,1121,263,65,142,45.8,63,78,80.8,194,73.8,63,24,16,6.1,20,7.6,45,17.1
Julius Randle,LAL,57,18,39,1632,222,66,150,44,32,44,72.7,164,73.9,38,17.1,8,3.6,12,5.4,28,12.6
Joel Embiid,PHI,31,13,18,786,88,22,51,43.1,21,29,72.4,65,73.9,15,17,4,4.5,9,10.2,20,22.7
Bojan Bogdanovic,WAS,63,15,48,1692,272,72,151,47.7,57,63,90.5,201,73.9,71,26.1,14,5.1,19,7,41,15.1
Ryan Anderson,HOU,62,43,19,1873,69,16,40,40,19,25,76,51,73.9,12,17.4,4,5.8,6,8.7,15,21.7
LaMarcus Aldridge,SAS,57,45,12,1873,27,5,16,31.3,10,12,83.3,20,74.1,5,18.5,2,7.4,0,0,6,22.2
D'Angelo Russell,LAL,49,17,32,1342,177,49,107,45.8,34,42,81,132,74.6,37,20.9,17,9.6,16,9,24,13.6
Stephen Curry,GSW,64,51,13,2151,409,119,202,58.9,67,76,88.2,306,74.8,142,34.7,43,10.5,27,6.6,48,11.7
Gordon Hayward,UTA,58,38,20,2012,313,77,157,49,80,90,88.9,234,74.8,89,28.4,18,5.8,24,7.7,61,19.5
Gerald Henderson,PHI,57,20,37,1369,151,36,78,46.2,41,49,83.7,113,74.8,36,23.8,9,6,12,7.9,30,19.9
Tyson Chandler,PHX,45,14,31,1229,4,1,2,50,1,2,50,3,75,1,25,1,25,0,0,1,25
Chris McCullough,WAS,15,1,14,74,4,1,2,50,1,2,50,3,75,0,0,0,0,1,25,1,25
Austin Rivers,LAC,63,37,26,1776,394,114,240,47.5,69,95,72.6,297,75.4,80,20.3,23,5.8,27,6.9,62,15.7
Nikola Vucevic,ORL,59,22,37,1704,78,26,48,54.2,7,11,63.6,59,75.6,18,23.1,4,5.1,7,9,6,7.7
JaMychal Green,MEM,63,35,28,1780,41,11,22,50,9,15,60,31,75.6,7,17.1,0,0,5,12.2,8,19.5
Frank Kaminsky,CHA,59,24,35,1524,137,41,87,47.1,22,29,75.9,104,75.9,33,24.1,8,5.8,5,3.6,17,12.4
Enes Kanter,OKC,55,32,23,1196,25,8,15,53.3,3,6,50,19,76,6,24,0,0,1,4,4,16
Isaiah Thomas,BOS,62,40,22,2126,812,217,423,51.3,182,203,89.7,617,76,237,29.2,67,8.3,41,5,123,15.1
Patrick Patterson,TOR,48,29,19,1254,50,14,25,56,10,16,62.5,38,76,12,24,6,12,5,10,9,18
Alex Abrines,OKC,54,28,26,811,38,10,23,43.5,9,9,100,29,76.3,8,21.1,3,7.9,3,7.9,5,13.2
Willy Hernangomez,NYK,55,22,33,912,17,6,12,50,1,1,100,13,76.5,3,17.6,2,11.8,1,5.9,2,11.8
Otto Porter Jr.,WAS,64,40,24,2160,73,21,41,51.2,14,17,82.4,56,76.7,15,20.5,3,4.1,8,11,12,16.4
Anthony Bennett,BKN,22,3,19,243,13,3,4,75,4,6,66.7,10,76.9,4,30.8,1,7.7,1,7.7,4,30.8
Dwyane Wade,CHI,54,26,28,1644,339,90,192,46.9,81,94,86.2,261,77,87,25.7,20,5.9,18,5.3,60,17.7
Thaddeus Young,IND,56,31,25,1680,74,25,47,53.2,7,11,63.6,57,77,11,14.9,4,5.4,9,12.2,7,9.5
Zach Randolph,MEM,57,31,26,1388,48,16,44,36.4,5,6,83.3,37,77.1,0,0,0,0,0,0,3,6.3
Kyle Singler,OKC,28,13,15,285,22,6,13,46.2,5,6,83.3,17,77.3,3,13.6,0,0,3,13.6,3,13.6
LeBron James,CLE,58,42,16,2183,546,153,257,59.5,118,171,69,424,77.7,175,32.1,48,8.8,32,5.9,110,20.1
Kosta Koufos,SAC,65,25,40,1288,9,3,5,60,1,2,50,7,77.8,1,11.1,1,11.1,2,22.2,1,11.1
Iman Shumpert,CLE,59,39,20,1512,113,28,54,51.9,32,42,76.2,88,77.9,28,24.8,7,6.2,9,8,25,22.1
Zach LaVine,MIN,47,16,31,1749,204,61,127,48,37,48,77.1,159,77.9,45,22.1,8,3.9,11,5.4,30,14.7
Jerami Grant,OKC,64,33,31,1312,141,35,64,54.7,40,69,58,110,78,31,22,6,4.3,10,7.1,39,27.7
CJ Miles,IND,58,30,28,1365,73,20,52,38.5,17,19,89.5,57,78.1,9,12.3,2,2.7,5,6.8,11,15.1
Kyrie Irving,CLE,56,38,18,1973,528,164,316,51.9,85,93,91.4,413,78.2,145,27.5,37,7,22,4.2,67,12.7
Serge Ibaka,TOR,64,26,38,1982,46,14,29,48.3,8,10,80,36,78.3,11,23.9,5,10.9,3,6.5,7,15.2
Shabazz Muhammad,MIN,60,25,35,1178,92,22,61,36.1,28,35,80,72,78.3,7,7.6,2,2.2,10,10.9,19,20.7
Andrew Wiggins,MIN,64,27,37,2378,437,108,234,46.2,127,161,78.9,343,78.5,89,20.4,20,4.6,33,7.6,93,21.3
Kentavious Caldwell-Pope,DET,60,29,31,2071,107,34,75,45.3,16,21,76.2,84,78.5,19,17.8,9,8.4,2,1.9,14,13.1
Channing Frye,CLE,56,36,20,1058,28,9,19,47.4,4,4,100,22,78.6,6,21.4,1,3.6,1,3.6,2,7.1
Cody Zeller,CHA,45,26,19,1221,56,18,35,51.4,8,17,47.1,44,78.6,10,17.9,1,1.8,3,5.4,9,16.1
Jeff Green,ORL,64,24,40,1464,156,38,94,40.4,47,57,82.5,123,78.8,20,12.8,4,2.6,14,9,34,21.8
Willie Cauley-Stein,SAC,58,22,36,908,19,6,15,40,3,5,60,15,78.9,2,10.5,1,5.3,1,5.3,4,21.1
Blake Griffin,LAC,45,28,17,1523,199,45,92,48.9,67,85,78.8,157,78.9,42,21.1,15,7.5,19,9.5,55,27.6
CJ McCollum,POR,63,28,35,2201,432,130,262,49.6,82,91,90.1,342,79.2,97,22.5,26,6,29,6.7,55,12.7
Kris Humphries,ATL,45,26,19,532,24,6,11,54.5,7,8,87.5,19,79.2,7,29.2,2,8.3,1,4.2,4,16.7
Rudy Gobert,UTA,65,41,24,2179,34,8,17,47.1,11,12,91.7,27,79.4,7,20.6,1,2.9,4,11.8,7,20.6
Ivica Zubac,LAL,28,7,21,397,5,2,4,50,0,1,0,4,80,1,20,0,0,0,0,1,20
Amir Johnson,BOS,65,40,25,1280,30,11,24,45.8,2,4,50,24,80,4,13.3,1,3.3,2,6.7,3,10
Alexis Ajinca,NOP,28,10,18,410,5,0,3,0,4,4,100,4,80,0,0,0,0,0,0,2,40
David Nwaba,LAL,5,1,4,56,5,0,1,0,4,6,66.7,4,80,1,20,0,0,0,0,3,60
Justin Anderson,PHI,57,19,38,832,139,39,76,51.3,34,43,79.1,112,80.6,30,21.6,6,4.3,13,9.4,26,18.7
Alec Burks,UTA,29,19,10,454,72,18,43,41.9,22,29,75.9,58,80.6,8,11.1,1,1.4,8,11.1,18,25
Taj Gibson,OKC,63,31,32,1687,26,9,16,56.3,3,4,75,21,80.8,6,23.1,0,0,3,11.5,2,7.7
Ersan Ilyasova,ATL,65,28,37,1715,81,22,51,43.1,22,29,75.9,66,81.5,4,4.9,1,1.2,9,11.1,18,22.2
James Johnson,MIA,59,30,29,1564,299,92,162,56.8,60,84,71.4,244,81.6,71,23.7,19,6.4,23,7.7,53,17.7
Nicolas Batum,CHA,62,28,34,2151,144,44,83,53,30,33,90.9,118,81.9,42,29.2,15,10.4,6,4.2,20,13.9
Kristaps Porzingis,NYK,55,23,32,1807,83,22,54,40.7,24,29,82.8,68,81.9,10,12,2,2.4,7,8.4,18,21.7
Lou Williams,HOU,66,24,42,1593,378,116,227,51.1,78,90,86.7,310,82,84,22.2,29,7.7,24,6.3,54,14.3
Derrick Rose,NYK,56,24,32,1824,574,178,340,52.4,116,132,87.9,472,82.2,142,24.7,35,6.1,28,4.9,79,13.8
DeMarcus Cousins,NOP,62,24,38,2130,462,131,267,49.1,118,152,77.6,380,82.3,80,17.3,22,4.8,37,8,100,21.6
Isaiah Canaan,CHI,34,15,19,574,51,15,30,50,12,13,92.3,42,82.4,12,23.5,4,7.8,2,3.9,8,15.7
Jamal Crawford,LAC,65,39,26,1713,166,52,116,44.8,33,42,78.6,137,82.5,22,13.3,8,4.8,5,3,25,15.1
Joffrey Lauvergne,CHI,54,31,23,790,29,10,21,47.6,4,8,50,24,82.8,6,20.7,2,6.9,0,0,5,17.2
Marreese Speights,LAC,65,39,26,1044,36,8,17,47.1,14,15,93.3,30,83.3,3,8.3,1,2.8,7,19.4,9,25
Alonzo Gee,DEN,13,4,9,89,6,1,4,25,3,4,75,5,83.3,1,16.7,0,0,0,0,2,33.3
Tim Hardaway Jr.,ATL,63,35,28,1628,199,68,134,50.7,30,40,75,166,83.4,41,20.6,16,8,8,4,26,13.1
Harrison Barnes,DAL,63,27,36,2283,256,82,166,49.4,50,54,92.6,214,83.6,46,18,11,4.3,19,7.4,32,12.5
Brandon Bass,LAC,43,22,21,486,19,4,7,57.1,8,8,100,16,84.2,8,42.1,1,5.3,1,5.3,5,26.3
Lance Thomas,NYK,40,14,26,807,58,18,42,42.9,13,15,86.7,49,84.5,5,8.6,1,1.7,4,6.9,9,15.5
Jahlil Okafor,PHI,44,12,32,1013,87,28,56,50,18,30,60,74,85.1,9,10.3,2,2.3,7,8,20,23
Derrick Williams,CLE,37,11,26,651,47,11,25,44,18,30,60,40,85.1,4,8.5,0,0,2,4.3,16,34
Damian Lillard,POR,58,26,32,2092,571,170,333,51.1,147,163,90.2,487,85.3,131,22.9,36,6.3,30,5.3,100,17.5
DeMar DeRozan,TOR,57,34,23,2034,604,180,332,54.2,155,177,87.6,515,85.3,159,26.3,44,7.3,25,4.1,103,17.1
Michael Beasley,MIL,50,21,29,855,124,42,79,53.2,22,31,71,106,85.5,18,14.5,7,5.6,12,9.7,18,14.5
Rodney Stuckey,IND,33,14,19,600,76,20,48,41.7,25,36,69.4,65,85.5,12,15.8,5,6.6,1,1.3,21,27.6
Willie Reed,MIA,54,29,25,780,7,3,4,75,0,0,0,6,85.7,1,14.3,0,0,1,14.3,0,0
Seth Curry,DAL,59,26,33,1743,218,82,141,58.2,24,26,92.3,188,86.2,51,23.4,12,5.5,13,6,19,8.7
Doug McDermott,OKC,52,26,26,1288,52,17,41,41.5,11,12,91.7,45,86.5,3,5.8,1,1.9,2,3.8,6,11.5
DeAndre Jordan,LAC,65,39,26,2050,9,2,6,33.3,4,5,80,8,88.9,1,11.1,0,0,0,0,3,33.3
Pascal Siakam,TOR,48,30,18,780,18,6,11,54.5,4,6,66.7,16,88.9,2,11.1,0,0,2,11.1,3,16.7
Jeremy Lamb,CHA,45,20,25,820,120,38,79,48.1,31,33,93.9,107,89.2,22,18.3,5,4.2,4,3.3,23,19.2
Jusuf Nurkic,POR,52,24,28,1042,19,7,11,63.6,3,7,42.9,17,89.5,3,15.8,1,5.3,3,15.8,5,26.3
Tobias Harris,DET,65,32,33,2052,289,100,194,51.5,59,70,84.3,259,89.6,45,15.6,12,4.2,14,4.8,42,14.5
Rudy Gay,SAC,30,11,19,1013,134,40,86,46.5,40,46,87,120,89.6,20,14.9,7,5.2,6,4.5,27,20.1
Kevin Love,CLE,46,33,13,1466,70,18,34,52.9,27,29,93.1,63,90,13,18.6,1,1.4,8,11.4,16,22.9
Thomas Robinson,LAL,37,10,27,401,34,13,21,61.9,5,14,35.7,31,91.2,3,8.8,0,0,4,11.8,8,23.5
Marc Gasol,MEM,62,35,27,2132,90,27,54,50,29,33,87.9,83,92.2,14,15.6,6,6.7,6,6.7,20,22.2
TJ Warren,PHX,50,16,34,1490,133,49,101,48.5,25,30,83.3,123,92.5,16,12,7,5.3,3,2.3,17,12.8
Markieff Morris,WAS,62,38,24,1968,83,26,54,48.1,25,30,83.3,77,92.8,10,12,2,2.4,4,4.8,17,20.5
Richaun Holmes,PHI,39,11,28,682,15,6,13,46.2,2,2,100,14,93.3,1,6.7,0,0,1,6.7,2,13.3
Nikola Jokic,DEN,55,26,29,1485,68,27,52,51.9,10,14,71.4,64,94.1,8,11.8,3,4.4,3,4.4,9,13.2
Marcus Morris,DET,64,32,32,2142,106,33,69,47.8,34,42,81,100,94.3,13,12.3,4,3.8,6,5.7,23,21.7
Sheldon McClellan,WAS,27,16,11,250,18,5,8,62.5,7,7,100,17,94.4,6,33.3,3,16.7,1,5.6,4,22.2
Jerryd Bayless,PHI,3,1,2,71,18,5,11,45.5,7,8,87.5,17,94.4,3,16.7,2,11.1,1,5.6,4,22.2
Jason Smith,WAS,57,36,21,770,19,5,11,45.5,8,11,72.7,18,94.7,1,5.3,0,0,2,10.5,6,31.6
Robin Lopez,CHI,65,31,34,1816,19,9,15,60,0,0,0,18,94.7,4,21.1,0,0,0,0,0,0
Carmelo Anthony,NYK,63,25,38,2171,97,30,61,49.2,32,40,80,92,94.8,12,12.4,5,5.2,7,7.2,26,26.8
Danilo Gallinari,DEN,51,24,27,1728,176,45,81,55.6,77,88,87.5,167,94.9,38,21.6,11,6.3,14,8,51,29
Gorgui Dieng,MIN,64,27,37,2037,20,8,13,61.5,3,3,100,19,95,6,30,2,10,0,0,2,10
Hassan Whiteside,MIA,60,29,31,1968,20,7,15,46.7,5,7,71.4,19,95,0,0,0,0,0,0,6,30
Kenneth Faried,DEN,48,22,26,1062,22,6,11,54.5,9,14,64.3,21,95.5,2,9.1,1,4.5,2,9.1,8,36.4
Brook Lopez,BKN,58,11,47,1719,158,54,104,51.9,43,64,67.2,151,95.6,8,5.1,4,2.5,16,10.1,42,26.6
Malachi Richardson,SAC,22,9,13,198,23,5,10,50,12,16,75,22,95.7,1,4.3,1,4.3,3,13,11,47.8
Karl-Anthony Towns,MIN,64,27,37,2347,212,77,145,53.1,50,59,84.7,204,96.2,27,12.7,4,1.9,12,5.7,37,17.5
Terrence Jones,MIL,51,19,32,1264,131,51,96,53.1,26,45,57.8,128,97.7,11,8.4,4,3.1,3,2.3,28,21.4
Zaza Pachulia,GSW,53,43,10,988,16,6,11,54.5,4,6,66.7,16,100,0,0,0,0,1,6.3,3,18.8
Marcin Gortat,WAS,64,40,24,2130,6,2,2,100,2,2,100,6,100,2,33.3,1,16.7,0,0,1,16.7
Shawn Long,PHI,2,0,2,15,1,0,0,0,1,2,50,1,100,0,0,0,0,0,0,1,100
Jonas Valanciunas,TOR,62,36,26,1636,16,6,7,85.7,4,5,80,16,100,6,37.5,0,0,1,6.3,3,18.8
Chris Andersen,CLE,12,8,4,114,2,0,0,0,2,2,100,2,100,1,50,1,50,0,0,1,50
Marvin Williams,CHA,59,25,34,1747,98,38,70,54.3,22,25,88,98,100,12,12.2,4,4.1,4,4.1,18,18.4
Omer Asik,NOP,31,12,19,482,1,0,0,0,1,2,50,1,100,0,0,0,0,0,0,1,100
Metta World Peace,LAL,18,4,14,81,6,2,2,100,2,4,50,6,100,2,33.3,1,16.7,0,0,2,33.3
Anthony Morrow,CHI,42,21,21,636,33,15,26,57.7,4,4,100,34,103,3,9.1,1,3,2,6.1,3,9.1
Anthony Davis,NOP,61,23,38,2201,206,70,126,55.6,76,97,78.4,216,104.9,25,12.1,7,3.4,14,6.8,55,26.7
Jae Crowder,BOS,56,36,20,1813,64,18,31,58.1,32,37,86.5,68,106.3,11,17.2,4,6.3,4,6.3,22,34.4
Bobby Portis,CHI,47,20,27,652,20,9,15,60,4,7,57.1,22,110,1,5,0,0,1,5,4,20
Montrezl Harrell,HOU,51,36,15,925,30,14,22,63.6,5,7,71.4,33,110,4,13.3,0,0,1,3.3,4,13.3
Quincy Acy,BKN,24,3,21,288,20,6,10,60,10,11,90.9,22,110,1,5,0,0,3,15,6,30
Pau Gasol,SAS,46,37,9,1192,35,16,26,61.5,7,11,63.6,39,111.4,1,2.9,1,2.9,3,8.6,6,17.1
Myles Turner,IND,63,33,30,1955,25,6,9,66.7,16,18,88.9,28,112,5,20,1,4,2,8,10,40
Alex Len,PHX,60,18,42,1189,8,1,3,33.3,7,8,87.5,9,112.5,0,0,0,0,1,12.5,4,50
James Young,BOS,25,14,11,200,7,3,5,60,2,2,100,8,114.3,1,14.3,0,0,0,0,1,14.3
Dirk Nowitzki,DAL,37,18,19,992,6,2,5,40,3,3,100,7,116.7,0,0,0,0,0,0,2,33.3
Kevin Durant,GSW,59,49,10,1980,245,91,143,63.6,107,117,91.5,290,118.4,34,13.9,11,4.5,14,5.7,71,29
Timofey Mozgov,LAL,54,16,38,1104,15,6,10,60,6,7,85.7,18,120,1,6.7,1,6.7,1,6.7,4,26.7
JaVale McGee,GSW,60,47,13,561,10,6,7,85.7,1,2,50,13,130,1,10,0,0,1,10,1,10
Nicolas Brussino,DAL,41,14,27,276,6,3,3,100,2,2,100,8,133.3,1,16.7,0,0,1,16.7,1,16.7
Archie Goodwin,NOP,3,1,2,30,6,1,3,33.3,6,6,100,8,133.3,0,0,0,0,0,0,3,50
Henry Ellenson,DET,14,6,8,56,3,2,2,100,1,1,100,5,166.7,0,0,0,0,1,33.3,1,33.3
John Lucas III,MIN,5,3,2,11,1,1,1,100,0,0,0,2,200,0,0,0,0,0,0,0,0
Kevin Seraphin,IND,37,16,21,420,1,1,1,100,0,0,0,2,200,0,0,0,0,0,0,0,0
Johnny O'Bryant III,CHA,11,4,7,81,2,2,2,100,0,0,0,4,200,0,0,0,0,0,0,0,0
John Jenkins,PHX,4,0,4,13,1,0,0,0,2,2,100,2,200,0,0,0,0,0,0,1,100
Gary Neal,ATL,2,1,1,18,1,0,0,0,2,2,100,2,200,0,0,0,0,0,0,1,100
Jordan Crawford,NOP,2,0,2,47,1,1,1,100,0,0,0,2,200,0,0,0,0,0,0,0,0
Chinanu Onuaku,HOU,2,1,1,10,1,0,0,0,2,2,100,2,200,0,0,0,0,0,0,1,100
Cole Aldrich,MIN,56,23,33,486,2,1,1,100,2,2,100,4,200,0,0,0,0,0,0,1,50
Ryan Kelly,ATL,10,4,6,50,1,1,1,100,0,0,0,2,200,0,0,0,0,0,0,0,0
Diamond Stone,LAC,7,6,1,24,1,0,0,0,2,2,100,2,200,0,0,0,0,0,0,1,100
Udonis Haslem,MIA,15,5,10,129,1,1,1,100,1,1,100,3,300,0,0,0,0,0,0,1,100
