PLAYER,TEAM,GP,W,L,MIN,REB,CONTESTEDREB,UNCONTESTEDREB,CONTESTEDREB%,REBCHANCES,REBCHANCE%,DEFERREDREBCHANCES,ADJUSTEDREBCHANCE%,AVGREBDIST
Zaza Pachulia,GSW,35,30,5,651,202,94,105,46.5,404,50,79,62.2,5
Zach Randolph,MEM,34,21,13,793,269,99,169,36.8,441,61,61,70.8,4.5
Zach LaVine,MIN,33,9,24,1233,114,20,94,17.5,193,59.1,49,79.2,9.1
Yogi Ferrell,BKN,9,1,8,137,11,2,9,18.2,21,52.4,5,68.8,12.6
Wilson Chandler,DEN,32,12,20,1005,223,78,143,35,359,62.1,70,77.2,5.5
Willie Reed,MIA,30,10,20,414,148,69,78,46.6,252,58.7,31,67,4.2
Willie Cauley-Stein,SAC,28,13,15,312,61,26,35,42.6,133,45.9,22,55,5.4
Will Barton,DEN,23,9,14,655,104,24,81,23.1,202,51.5,47,67.1,7.6
Wesley Matthews,DAL,35,11,24,1252,105,19,88,18.1,205,51.2,40,63.6,9.3
Wesley Johnson,LAC,35,22,13,474,116,25,90,21.6,197,58.9,39,73.4,6.4
Wayne Ellington,MIA,19,5,14,483,30,4,27,13.3,67,44.8,18,61.2,10.1
Wade Baldwin IV,MEM,22,14,8,282,31,8,23,25.8,65,47.7,18,66,9.5
Vince Carter,MEM,34,19,15,799,114,25,89,21.9,197,57.9,50,77.6,7.3
Victor Oladipo,OKC,30,17,13,1017,130,31,99,23.8,245,53.1,58,69.5,8.9
Udonis Haslem,MIA,11,3,8,107,28,11,17,39.3,61,45.9,12,57.1,5.4
Tyus Jones,MIN,20,6,14,217,26,1,25,3.8,39,66.7,9,86.7,12.8
Tyson Chandler,PHX,28,7,21,758,320,121,199,37.8,536,59.7,75,69.4,4.1
Tyreke Evans,NOP,9,5,4,150,30,11,19,36.7,49,61.2,10,76.9,7.2
Tyler Zeller,BOS,26,14,12,306,75,34,41,45.3,165,45.5,23,52.8,5.6
Tyler Ulis,PHX,23,4,19,212,15,1,14,6.7,29,51.7,6,65.2,13.4
Tyler Johnson,MIA,35,11,24,1073,161,39,122,24.2,322,50,86,68.2,8.5
Tyler Ennis,HOU,20,14,6,146,13,3,10,23.1,32,40.6,11,61.9,6.5
Ty Lawson,SAC,34,15,19,881,94,21,75,22.3,153,61.4,27,74.6,10.6
Troy Williams,MEM,23,15,8,409,44,10,34,22.7,73,60.3,12,72.1,6.1
Troy Daniels,MEM,30,16,14,602,47,17,30,36.2,118,39.8,34,56,7.6
Tristan Thompson,CLE,33,26,7,959,330,141,191,42.7,647,51,111,61.6,5.1
Trey Lyles,UTA,38,22,16,757,146,41,105,28.1,294,49.7,76,67,5.6
Trey Burke,WAS,32,16,16,389,17,3,15,17.6,50,34,16,50,11.1
Trevor Booker,BKN,31,7,24,857,288,97,193,33.7,510,56.5,72,65.8,4.8
Trevor Ariza,HOU,39,29,10,1338,207,48,158,23.2,318,65.1,66,82.1,7.2
Treveon Graham,CHA,12,6,6,77,8,0,8,0,22,36.4,7,53.3,4.2
Tony Snell,MIL,32,18,14,946,116,22,93,19,196,59.2,36,72.5,8.7
Tony Parker,SAS,29,24,5,736,59,5,54,8.5,115,51.3,27,67,11.9
Tony Allen,MEM,35,20,15,975,188,77,113,41,378,49.7,60,59.1,6.7
Toney Douglas,MEM,6,5,1,107,16,5,11,31.3,27,59.3,8,84.2,10.7
Tomas Satoransky,WAS,20,8,12,296,29,7,22,24.1,83,34.9,26,50.9,8.2
Tobias Harris,DET,37,16,21,1202,177,39,138,22,326,54.3,82,72.5,5.9
Timothe Luwawu-Cabarrot,PHI,21,6,15,179,24,5,19,20.8,54,44.4,15,61.5,5
Timofey Mozgov,LAL,40,13,27,854,194,92,103,47.4,429,45.2,87,56.7,4.7
Tim Quarterman,POR,12,4,8,39,6,3,3,50,8,75,1,85.7,4.1
Tim Frazier,NOP,31,10,21,890,105,26,78,24.8,253,41.5,66,56.1,7.6
Thon Maker,MIL,16,10,6,72,18,5,13,27.8,27,66.7,1,69.2,6.9
Thomas Robinson,LAL,28,8,20,331,133,62,71,46.6,227,58.6,31,67.9,4.3
Thaddeus Young,IND,35,19,16,1087,216,72,144,33.3,437,49.4,71,59,6.5
Terry Rozier,BOS,34,20,14,586,107,25,82,23.4,195,54.9,44,70.9,6.6
Terrence Ross,TOR,34,22,12,742,80,21,59,26.3,152,52.6,39,70.8,6.4
Terrence Jones,NOP,34,12,22,827,197,73,124,37.1,365,54,68,66.3,5.4
Tarik Black,LAL,29,12,17,426,148,66,82,44.6,278,53.2,42,62.7,4.4
Taj Gibson,CHI,36,18,18,983,249,110,137,44.2,493,50.5,98,63,5.5
TJ Warren,PHX,25,8,17,726,99,44,55,44.4,201,49.3,44,63.1,8
TJ McConnell,PHI,34,11,23,749,93,15,77,16.1,175,53.1,41,69.4,10.5
Steven Adams,OKC,38,22,16,1146,282,134,148,47.5,575,49,111,60.8,4.6
Steve Novak,MIL,8,6,2,22,3,0,3,0,6,50,2,75,6.6
Stephen Zimmerman,ORL,6,2,4,29,13,6,7,46.2,22,59.1,3,68.4,6
Stephen Curry,GSW,38,32,6,1273,158,39,119,24.7,297,53.2,66,68.4,9.5
Stanley Johnson,DET,33,14,19,532,67,19,48,28.4,136,49.3,40,69.8,6.6
Spencer Hawes,CHA,26,13,13,467,104,36,68,34.6,211,49.3,46,63,5.5
Spencer Dinwiddie,BKN,14,1,13,242,30,7,23,23.3,52,57.7,10,71.4,8.9
Solomon Hill,NOP,34,13,21,936,132,31,101,23.5,263,50.2,63,66,7.6
Skal Labissiere,SAC,4,0,4,27,6,3,3,50,16,37.5,2,42.9,5.3
Shelvin Mack,UTA,38,22,16,895,86,8,79,9.3,172,50,45,67.7,9.8
Sheldon McClellan,WAS,15,7,8,199,20,3,17,15,40,50,9,64.5,7.3
Shaun Livingston,GSW,37,31,6,642,75,28,47,37.3,118,63.6,15,72.8,8.5
Shabazz Napier,POR,25,9,16,200,17,2,15,11.8,34,50,6,60.7,11.4
Shabazz Muhammad,MIN,32,10,22,581,87,36,51,41.4,161,54,23,63,6.3
Seth Curry,DAL,32,10,22,849,66,8,59,12.1,119,55.5,25,70.2,10.6
Sergio Rodriguez,PHI,30,8,22,777,83,5,78,6,111,74.8,14,85.6,12.3
Serge Ibaka,ORL,36,15,21,1100,258,91,166,35.3,449,57.5,100,73.9,4.9
Semaj Christon,OKC,33,19,14,505,44,11,34,25,86,51.2,21,67.7,9.1
Sean Kilpatrick,BKN,33,7,26,904,147,20,127,13.6,259,56.8,57,72.8,6.4
Sam Dekker,HOU,39,29,10,734,154,51,104,33.1,270,57,47,69.1,6.6
Salah Mejri,DAL,31,9,22,415,137,63,74,46,268,51.1,32,58.1,5.1
Ryan Anderson,HOU,39,29,10,1204,197,80,116,40.6,379,52,76,65,5.8
Russell Westbrook,OKC,38,22,16,1317,396,81,318,20.5,566,70,83,82,6.1
Rudy Gobert,UTA,38,22,16,1265,470,180,290,38.3,842,55.8,133,66.3,4.2
Rudy Gay,SAC,24,11,13,813,149,44,104,29.5,232,64.2,37,76.4,5.7
Roy Hibbert,CHA,30,13,17,482,107,52,54,48.6,245,43.7,63,58.8,4.2
Rondae Hollis-Jefferson,BKN,29,6,23,619,129,36,93,27.9,258,50,50,62,5.5
Rodney Stuckey,IND,16,8,8,328,45,9,36,20,65,69.2,11,83.3,8.3
Rodney McGruder,MIA,34,10,24,862,116,37,80,31.9,245,47.3,53,60.4,8.1
Rodney Hood,UTA,33,21,12,950,116,22,94,19,213,54.5,53,72.5,7.5
Robin Lopez,CHI,36,18,18,1018,259,159,101,61.4,580,44.7,107,54.8,4.5
Robert Covington,PHI,31,11,20,945,188,71,116,37.8,374,50.3,93,66.9,6
Ricky Rubio,MIN,31,10,21,985,128,27,102,21.1,232,55.2,42,67.4,10.5
Richaun Holmes,PHI,19,5,14,297,80,33,47,41.3,161,49.7,35,63.5,4.7
Richard Jefferson,CLE,33,26,7,653,75,19,56,25.3,154,48.7,35,63,7.2
Reggie Williams,NOP,5,1,4,63,6,1,5,16.7,12,50,3,66.7,8.6
Reggie Jackson,DET,20,7,13,575,41,10,31,24.4,95,43.2,28,61.2,7.5
Reggie Bullock,DET,5,1,4,68,7,2,5,28.6,11,63.6,2,77.8,8.5
Raymond Felton,LAC,39,26,13,821,98,24,74,24.5,188,52.1,35,64.1,9.2
Raul Neto,UTA,19,10,9,150,17,0,17,0,30,56.7,9,81,11.1
Rashad Vaughn,MIL,12,6,6,126,12,4,8,33.3,23,52.2,5,66.7,6.5
Randy Foye,BKN,23,5,18,406,57,10,47,17.5,99,57.6,20,72.2,7.7
Ramon Sessions,CHA,36,17,19,587,51,9,43,17.6,88,58,15,69.9,11.3
Rakeem Christmas,IND,3,0,3,14,3,1,2,33.3,10,30,2,37.5,3.6
Rajon Rondo,CHI,27,13,14,814,179,33,145,18.4,287,62.4,51,75.8,7.6
RJ Hunter,CHI,3,2,1,9,1,0,1,0,1,100,0,100,13
Quincy Acy,BKN,6,0,6,51,10,4,6,40,17,58.8,2,66.7,2.4
Pierre Jackson,DAL,4,1,3,28,2,1,1,50,7,28.6,2,40,11.3
Paul Zipser,CHI,9,4,5,53,10,1,9,10,18,55.6,4,71.4,5.1
Paul Pierce,LAC,12,7,5,148,18,5,13,27.8,38,47.4,9,62.1,7.7
Paul George,IND,28,16,12,997,179,43,137,24,315,56.8,66,71.9,6.2
Pau Gasol,SAS,36,29,7,947,285,99,189,34.7,470,60.6,71,71.4,4.4
Patty Mills,SAS,38,31,7,834,71,9,62,12.7,114,62.3,17,73.2,13.1
Patrick Patterson,TOR,30,20,10,840,168,57,111,33.9,275,61.1,47,73.7,6.3
Patrick McCaw,GSW,28,23,5,325,30,12,18,40,67,44.8,20,63.8,8.3
Patrick Beverley,HOU,28,22,6,869,170,42,128,24.7,327,52,60,63.7,8.1
Pat Connaughton,POR,17,5,12,105,13,4,9,30.8,25,52,7,72.2,5.1
Pascal Siakam,TOR,32,22,10,559,121,46,74,38,226,53.5,32,62.4,5.7
PJ Tucker,PHX,36,10,26,968,199,55,143,27.6,370,53.8,76,67.7,6.5
Otto Porter,WAS,35,17,18,1188,232,72,160,31,425,54.6,82,67.6,6.4
Omri Casspi,SAC,19,9,10,351,83,19,64,22.9,153,54.2,31,68,5.3
Omer Asik,NOP,28,10,18,452,156,55,101,35.3,283,55.1,45,65.5,4.2
Norman Powell,TOR,31,21,10,419,44,9,35,20.5,91,48.4,25,66.7,9.3
Noah Vonleh,POR,32,14,18,370,107,41,65,38.3,224,47.8,43,59.1,4
Nikola Vucevic,ORL,35,15,20,981,367,127,240,34.6,565,65,76,75.1,4.6
Nikola Mirotic,CHI,33,18,15,782,182,63,119,34.6,300,60.7,60,75.8,5.5
Nikola Jokic,DEN,31,12,19,772,242,112,129,46.3,441,54.9,86,68.2,4.7
Nik Stauskas,PHI,32,10,22,849,81,15,65,18.5,144,56.3,33,73,9.2
Nicolas Laprovittola,SAS,18,15,3,174,10,1,9,10,29,34.5,6,43.5,14
Nicolas Brussino,DAL,25,5,20,174,28,10,18,35.7,48,58.3,12,77.8,8.7
Nicolas Batum,CHA,34,17,17,1164,248,52,197,21,386,64.2,65,77.3,5.7
Nick Young,LAL,33,12,21,873,71,18,53,25.4,149,47.7,31,60.2,10.2
Nick Collison,OKC,10,4,6,64,12,3,8,25,22,54.5,3,63.2,6.8
Nerlens Noel,PHI,11,5,6,161,32,14,19,43.8,80,40,12,47.1,4.1
Nene,HOU,35,25,10,604,129,49,80,38,273,47.3,64,61.7,5.3
Nemanja Bjelica,MIN,34,12,22,554,106,34,72,32.1,196,54.1,45,70.2,5.9
Myles Turner,IND,34,19,15,1007,254,104,149,40.9,481,52.8,83,63.8,4.6
Montrezl Harrell,HOU,30,24,6,552,111,54,59,48.6,218,50.9,30,59,5.7
Monta Ellis,IND,28,16,12,808,84,10,74,11.9,129,65.1,18,75.7,8.6
Mirza Teletovic,MIL,28,14,14,496,79,18,63,22.8,149,53,38,71.2,5.8
Miles Plumlee,MIL,22,12,10,215,34,20,15,58.8,92,37,21,47.9,5.4
Mike Miller,DEN,5,0,5,21,5,1,4,20,6,83.3,0,83.3,5.9
Mike Dunleavy,ATL,20,17,3,315,40,8,32,20,92,43.5,25,59.7,6.6
Mike Conley,MEM,29,17,12,943,105,18,89,17.1,175,60,33,73.9,10.4
Michael Kidd-Gilchrist,CHA,35,17,18,1029,266,96,169,36.1,479,55.5,93,68.9,5.8
Michael Gbinije,DET,7,5,2,25,3,1,2,33.3,6,50,1,60,3.8
Michael Carter-Williams,CHI,11,7,4,255,52,18,34,34.6,79,65.8,11,76.5,7.2
Michael Beasley,MIL,27,14,13,467,105,36,70,34.3,171,61.4,32,75.5,4.9
Meyers Leonard,POR,36,15,21,558,114,29,85,25.4,214,53.3,47,68.3,5.2
Metta World Peace,LAL,15,2,13,76,7,2,5,28.6,18,38.9,5,53.8,7.3
Maurice Harkless,POR,38,17,21,1167,189,73,114,38.6,386,49,69,59.6,6.5
Matthew Dellavedova,MIL,30,16,14,809,70,12,59,17.1,157,44.6,43,61.4,10.5
Matt Barnes,SAC,33,14,19,836,157,47,109,29.9,290,54.1,59,68,5.6
Mason Plumlee,POR,40,17,23,1114,302,115,188,38.1,600,50.3,96,59.9,4.4
Marvin Williams,CHA,31,14,17,851,160,36,124,22.5,301,53.2,83,73.4,6.6
Marreese Speights,LAC,41,27,14,665,203,85,120,41.9,372,54.6,57,64.4,4
Marquese Chriss,PHX,36,10,26,630,116,40,76,34.5,232,50,49,63.4,5.5
Markieff Morris,WAS,34,16,18,1064,202,68,133,33.7,379,53.3,71,65.6,5.5
Mario Hezonja,ORL,24,8,16,227,30,6,24,20,53,56.6,11,71.4,6.2
Marcus Thornton,WAS,30,13,17,519,72,20,51,27.8,129,55.8,23,67.9,7.4
Marcus Smart,BOS,34,20,14,1027,130,43,86,33.1,259,50.2,53,63.1,7.1
Marcus Morris,DET,37,16,21,1185,150,40,110,26.7,297,50.5,82,69.8,7.4
Marco Belinelli,CHA,31,15,16,761,85,12,73,14.1,130,65.4,20,77.3,8.6
Marcin Gortat,WAS,35,17,18,1271,416,162,253,38.9,788,52.8,109,61.3,4.5
Marcelo Huertas,LAL,16,3,13,186,18,2,16,11.1,27,66.7,3,75,14.1
Marc Gasol,MEM,39,25,14,1324,233,89,144,38.2,442,52.7,95,67.1,5.4
Manu Ginobili,SAS,32,26,6,601,80,18,63,22.5,135,59.3,21,70.2,8.4
Malik Beasley,DEN,11,4,7,55,5,1,4,20,9,55.6,3,83.3,4.3
Malcolm Brogdon,MIL,33,18,15,794,89,23,66,25.8,149,59.7,35,78.1,9.3
Malachi Richardson,SAC,5,1,4,32,4,0,4,0,6,66.7,0,66.7,6.4
Luol Deng,LAL,39,13,26,1074,222,67,154,30.2,424,52.4,91,66.7,6.1
Luke Babbitt,MIA,31,9,22,494,61,9,52,14.8,136,44.9,44,66.3,8.7
Luis Scola,BKN,23,5,18,284,78,28,50,35.9,157,49.7,26,59.5,5
Lucas Nogueira,TOR,28,17,11,573,126,54,71,42.9,276,45.7,57,57.5,4.5
Luc Mbah a Moute,LAC,39,25,14,918,97,32,66,33,205,47.3,50,62.6,8.3
Lou Williams,LAL,40,13,27,959,80,13,67,16.3,148,54.1,27,66.1,10
Leandro Barbosa,PHX,35,10,25,456,47,6,41,12.8,74,63.5,17,82.5,9.2
LeBron James,CLE,30,26,4,1125,234,60,174,25.6,346,67.6,54,80.1,6.8
Lavoy Allen,IND,27,15,12,341,66,29,37,43.9,139,47.5,27,58.9,4.9
Larry Nance Jr.,LAL,25,9,16,549,135,40,95,29.6,261,51.7,48,63.4,5.6
Langston Galloway,NOP,35,12,23,753,83,18,64,21.7,152,54.6,34,70.3,8.8
Lance Stephenson,NOP,6,0,6,162,18,4,15,22.2,37,48.6,10,66.7,8.4
LaMarcus Aldridge,SAS,34,28,6,1081,238,91,147,38.2,405,58.8,82,73.7,5.1
Kyrie Irving,CLE,28,23,5,984,104,30,74,28.8,190,54.7,32,65.8,9.4
Kyle Wiltjer,HOU,7,7,0,24,5,3,2,60,11,45.5,2,55.6,7.9
Kyle Singler,OKC,20,12,8,204,22,7,15,31.8,40,55,13,81.5,7.1
Kyle Lowry,TOR,35,23,12,1316,174,37,138,21.3,390,44.6,94,58.8,8.4
Kyle Anderson,SAS,33,27,6,435,89,23,66,25.8,124,71.8,18,84,6.6
Kris Dunn,MIN,36,12,24,600,79,27,52,34.2,155,51,43,70.5,6.3
Kosta Koufos,SAC,35,16,19,687,199,83,117,41.7,359,55.4,74,69.8,4.4
Klay Thompson,GSW,37,31,6,1274,136,30,107,22.1,267,50.9,58,65.1,8.2
Kevon Looney,GSW,29,25,4,239,71,33,38,46.5,141,50.4,27,62.3,5.3
Kevin Seraphin,IND,20,9,11,203,66,24,41,36.4,122,54.1,17,62.9,5.5
Kevin Love,CLE,29,24,5,934,322,104,218,32.3,539,59.7,95,72.5,4.7
Kevin Durant,GSW,38,32,6,1312,317,72,245,22.7,468,67.7,70,79.6,5.7
Kentavious Caldwell-Pope,DET,35,16,19,1166,110,20,89,18.2,177,62.1,36,78,9
Kenneth Faried,DEN,31,13,18,665,253,117,135,46.2,419,60.4,62,70.9,4.9
Kemba Walker,CHA,35,17,18,1177,147,29,121,19.7,294,50,76,67.4,7.8
Kelly Oubre Jr.,WAS,34,16,18,633,124,35,89,28.2,226,54.9,47,69.3,6.2
Kelly Olynyk,BOS,31,19,12,625,126,33,93,26.2,282,44.7,62,57.3,6
Kay Felder,CLE,18,12,6,205,26,6,20,23.1,37,70.3,3,76.5,8.6
Kawhi Leonard,SAS,36,29,7,1197,208,60,147,28.8,349,59.6,71,74.8,6.8
Karl-Anthony Towns,MIN,36,12,24,1287,423,184,236,43.5,688,61.5,111,73.3,4.9
KJ McDaniels,HOU,19,14,5,149,20,8,11,40,43,46.5,6,54.1,5.7
Jusuf Nurkic,DEN,32,11,21,649,221,100,122,45.2,435,50.8,83,62.8,4.1
Justise Winslow,MIA,18,4,14,625,94,28,66,29.8,210,44.8,51,59.1,6.3
Justin Hamilton,BKN,28,6,22,551,122,50,72,41,237,51.5,47,64.2,4.9
Justin Anderson,DAL,33,9,24,553,113,30,83,26.5,174,64.9,33,80.1,6.5
Julius Randle,LAL,36,13,23,1061,312,98,214,31.4,575,54.3,101,65.8,5.2
Juan Hernangomez,DEN,23,8,15,259,61,19,42,31.1,119,51.3,26,65.6,5.9
Jrue Holiday,NOP,21,11,10,650,74,18,58,24.3,144,51.4,31,65.5,8.6
Josh Richardson,MIA,27,7,20,837,89,18,70,20.2,167,53.3,50,76.1,9.9
Josh McRoberts,MIA,19,6,13,312,59,22,37,37.3,106,55.7,18,67,5.5
Jose Calderon,LAL,16,4,12,195,33,11,22,33.3,47,70.2,7,82.5,9.8
Jordan Mickey,BOS,9,4,5,78,16,7,9,43.8,38,42.1,6,50,4.2
Jordan McRae,CLE,22,16,6,268,33,6,26,18.2,61,54.1,17,75,8.4
Jordan Hill,MIN,4,1,3,34,12,7,5,58.3,22,54.5,7,80,4.6
Jordan Farmar,SAC,2,1,1,35,3,0,3,0,5,60,1,75,13.3
Jordan Clarkson,LAL,40,13,27,1081,112,21,91,18.8,199,56.3,30,66.3,9.8
Jonathon Simmons,SAS,38,31,7,710,80,24,56,30,152,52.6,32,66.7,8.4
Jonathan Gibson,DAL,17,4,13,231,22,5,17,22.7,38,57.9,11,81.5,9.2
Jonas Valanciunas,TOR,33,22,11,901,328,157,172,47.9,592,55.4,87,65,3.4
Jonas Jerebko,BOS,37,22,15,620,124,31,93,25,276,44.9,48,54.4,5.7
Jon Leuer,DET,33,16,17,869,193,62,133,32.1,382,50.5,103,69.2,4.7
John Wall,WAS,33,17,16,1224,145,25,122,17.2,236,61.4,49,77.5,10.8
John Lucas III,MIN,5,3,2,11,0,0,0,0,0,0,0,0,0
John Jenkins,PHX,4,0,4,13,1,0,1,0,2,50,1,100,10.1
John Henson,MIL,31,17,14,620,153,70,83,45.8,313,48.9,50,58.2,5
Joffrey Lauvergne,OKC,32,20,12,455,112,47,66,42,194,57.7,32,69.1,4.9
Joel Embiid,PHI,25,9,16,639,188,85,103,45.2,356,52.8,69,65.5,4.3
Joel Bolomboy,UTA,8,5,3,19,8,1,7,12.5,13,61.5,0,61.5,4.9
Joe Young,IND,18,9,9,103,14,1,13,7.1,23,60.9,6,82.4,9.6
Joe Johnson,UTA,38,22,16,846,102,22,79,21.6,173,59,36,74.5,8.5
Joe Ingles,UTA,38,22,16,791,106,18,88,17,160,66.3,24,77.9,8.6
Joe Harris,BKN,31,7,24,719,96,18,78,18.8,195,49.2,43,63.2,7.5
Jodie Meeks,ORL,18,8,10,351,35,7,28,20,64,54.7,17,74.5,7.1
Jimmy Butler,CHI,35,18,17,1288,240,74,167,30.8,427,56.2,80,69.2,8.2
Jerryd Bayless,PHI,3,1,2,71,12,3,9,25,22,54.5,5,70.6,11.1
Jerian Grant,CHI,30,14,16,456,46,10,36,21.7,91,50.5,23,67.6,9.1
Jeremy Lin,BKN,8,2,6,203,30,3,27,10,57,52.6,11,65.2,6.7
Jeremy Lamb,CHA,26,12,14,447,112,22,89,19.6,167,67.1,21,76.7,5.3
Jerami Grant,OKC,36,19,17,766,89,31,59,34.8,211,42.2,62,59.7,7.7
Jeff Withey,UTA,24,15,9,208,57,19,38,33.3,118,48.3,24,60.6,4.4
Jeff Teague,IND,35,19,16,1110,135,21,115,15.6,236,57.2,41,69.2,9.2
Jeff Green,ORL,36,15,21,844,107,27,80,25.2,207,51.7,42,64.8,7.7
Jaylen Brown,BOS,36,21,15,473,65,23,42,35.4,139,46.8,37,63.7,6.8
Jason Terry,MIL,29,16,13,502,31,4,27,12.9,50,62,10,77.5,12.6
Jason Smith,WAS,33,16,17,385,86,39,48,45.3,175,49.1,29,58.9,5.7
Jarnell Stokes,DEN,2,0,2,7,2,1,1,50,7,28.6,2,40,3.8
Jarell Martin,MEM,37,22,15,519,151,52,98,34.4,279,54.1,53,66.8,4.9
Jared Dudley,PHX,28,7,21,629,97,25,72,25.8,227,42.7,58,57.4,7
James Young,BOS,10,5,5,60,9,1,8,11.1,14,64.3,3,81.8,9.7
James Michael McAdoo,GSW,14,11,3,80,11,3,9,27.3,31,35.5,11,55,4.9
James Jones,CLE,19,13,6,137,12,1,12,8.3,31,38.7,8,52.2,9.4
James Johnson,MIA,35,11,24,887,172,47,125,27.3,322,53.4,77,70.2,5.7
James Harden,HOU,39,29,10,1426,312,76,237,24.4,491,63.5,88,77.4,6.8
James Ennis III,MEM,27,16,11,686,119,40,79,33.6,223,53.4,34,63,6.3
Jameer Nelson,DEN,35,13,22,875,77,20,57,26,156,49.4,36,64.2,10.4
Jamal Murray,DEN,35,13,22,722,93,26,67,28,167,55.7,37,71.5,11.4
Jamal Crawford,LAC,41,27,14,1087,62,9,52,14.5,121,51.2,27,66,11.9
Jakob Poeltl,TOR,19,15,4,213,57,30,27,52.6,124,46,24,57,4.7
Jake Layman,POR,20,7,13,126,12,4,8,33.3,32,37.5,9,52.2,8.3
Jahlil Okafor,PHI,26,7,19,589,125,54,72,43.2,330,37.9,72,48.4,5.1
Jae Crowder,BOS,30,20,10,952,145,36,108,24.8,251,57.8,43,69.7,7.4
Jabari Parker,MIL,33,18,15,1113,190,60,130,31.6,346,54.9,60,66.4,6.5
JaVale McGee,GSW,34,28,6,269,84,39,45,46.4,175,48,33,59.2,4
JaMychal Green,MEM,40,25,15,1177,296,107,186,36.1,481,61.5,64,71,4.9
JR Smith,CLE,19,15,4,550,40,6,34,15,73,54.8,19,74.1,9.9
JJ Redick,LAC,38,26,12,1052,83,14,68,16.9,161,51.6,42,69.7,9.1
J.J. Barea,DAL,11,3,8,301,36,2,34,5.6,61,59,13,75,10.1
Ivica Zubac,LAL,7,1,6,50,9,3,6,33.3,24,37.5,4,45,6.4
Ish Smith,DET,36,16,20,865,96,18,77,18.8,226,42.5,73,62.7,8.5
Isaiah Whitehead,BKN,27,5,22,625,70,12,58,17.1,132,53,29,68,9.3
Isaiah Thomas,BOS,33,21,12,1126,86,17,70,19.8,182,47.3,32,57.3,12.3
Isaiah Canaan,CHI,25,12,13,461,37,8,29,21.6,76,48.7,22,68.5,8.5
Iman Shumpert,CLE,32,25,7,786,86,22,65,25.6,161,53.4,34,67.7,8
Ian Mahinmi,WAS,1,0,1,14,1,0,1,0,4,25,1,33.3,7.8
Ian Clark,GSW,35,29,6,500,48,8,40,16.7,105,45.7,19,55.8,9.2
Hollis Thompson,PHI,29,9,20,519,76,28,46,36.8,140,54.3,29,68.5,7.7
Henry Ellenson,DET,13,5,8,54,12,4,8,33.3,22,54.5,4,66.7,5
Hassan Whiteside,MIA,34,10,24,1141,478,203,276,42.5,842,56.8,127,66.9,3.7
Harrison Barnes,DAL,36,11,25,1301,200,54,146,27,379,52.8,74,65.6,7.4
Greivis Vasquez,BKN,2,1,1,32,1,0,1,0,5,20,2,33.3,6.5
Greg Monroe,MIL,32,18,14,681,234,87,145,37.2,384,60.9,55,71.1,5.1
Gorgui Dieng,MIN,36,12,24,1186,274,104,171,38,539,50.8,108,63.6,5
Gordon Hayward,UTA,31,19,12,1080,178,40,138,22.5,304,58.6,71,76.4,8.2
Goran Dragic,MIA,31,10,21,1056,118,23,95,19.5,248,47.6,66,64.8,10.4
Glenn Robinson,IND,33,18,15,745,128,29,99,22.7,272,47.1,63,61.2,6.6
Giannis Antetokounmpo,MIL,32,18,14,1108,274,94,180,34.3,434,63.1,72,75.7,6.3
Gerald Henderson,PHI,30,9,21,750,79,19,60,24.1,140,56.4,26,69.3,9.1
Gerald Green,BOS,19,12,7,222,40,7,33,17.5,70,57.1,10,66.7,7.9
Georgios Papagiannis,SAC,2,0,2,9,1,0,1,0,2,50,0,50,10.1
Georges Niang,IND,15,8,7,76,14,3,11,21.4,35,40,9,53.8,6.4
George Hill,UTA,14,10,4,426,54,11,43,20.4,109,49.5,29,67.5,7.9
Gary Harris,DEN,14,5,9,381,42,11,31,26.2,77,54.5,14,66.7,7.9
Garrett Temple,SAC,35,16,19,898,99,40,59,40.4,185,53.5,38,67.3,9.4
Fred VanVleet,TOR,8,7,1,41,2,0,2,0,5,40,2,66.7,5.1
Frank Kaminsky,CHA,34,15,19,817,149,48,102,32.2,271,55,56,69.3,5.5
Evan Turner,POR,37,17,20,949,146,36,110,24.7,259,56.4,60,73.4,6.7
Evan Fournier,ORL,33,13,20,1091,104,24,80,23.1,202,51.5,47,67.1,9.6
Ersan Ilyasova,PHI,35,14,21,962,219,75,144,34.2,413,53,79,65.6,5.8
Eric Gordon,HOU,37,28,9,1133,101,16,86,15.8,165,61.2,31,75.4,11
Eric Bledsoe,PHX,36,10,26,1172,175,39,136,22.3,302,57.9,73,76.4,7.9
Enes Kanter,OKC,38,22,16,812,250,119,131,47.6,537,46.6,101,57.3,4.3
Emmanuel Mudiay,DEN,34,13,21,985,123,19,105,15.4,227,54.2,51,69.9,9.1
Elfrid Payton,ORL,37,15,22,1038,133,26,108,19.5,251,53,54,67.5,9.2
Ed Davis,POR,37,16,21,625,191,95,96,49.7,403,47.4,78,58.8,4.8
E'Twaun Moore,NOP,32,12,20,792,66,17,49,25.8,133,49.6,32,65.3,9.9
Dwyane Wade,CHI,32,16,16,969,128,30,98,23.4,229,55.9,46,69.9,7.3
Dwight Powell,DAL,36,11,25,731,175,59,119,33.7,327,53.5,47,62.5,4.9
Draymond Green,GSW,36,30,6,1185,310,104,205,33.5,488,63.5,83,76.5,4.6
Dragan Bender,PHX,29,6,23,362,62,12,50,19.4,98,63.3,11,71.3,6.1
Doug McDermott,CHI,23,12,11,623,75,26,49,34.7,143,52.4,35,69.4,5.7
Dorian Finney-Smith,DAL,35,11,24,779,98,33,64,33.7,210,46.7,50,61.3,7.5
Donatas Motiejunas,NOP,2,1,1,39,8,4,4,50,19,42.1,5,57.1,8.3
Domantas Sabonis,OKC,38,22,16,809,141,49,92,34.8,285,49.5,58,62.1,5.2
Dirk Nowitzki,DAL,12,2,10,284,67,17,50,25.4,104,64.4,18,77.9,4.8
Dion Waiters,MIA,20,6,14,589,63,14,49,22.2,129,48.8,35,67,8.9
Diamond Stone,LAC,4,4,0,16,3,1,2,33.3,7,42.9,0,42.9,2.8
Deyonta Davis,MEM,20,14,6,164,42,21,21,50,88,47.7,13,56,5.5
Dewayne Dedmon,SAS,32,25,7,507,191,79,112,41.4,286,66.8,30,74.6,4.6
Devin Harris,DAL,21,8,13,321,41,5,36,12.2,65,63.1,12,77.4,7.3
Devin Booker,PHX,35,10,25,1176,105,16,89,15.2,193,54.4,43,70,9.1
Derrick Williams,MIA,20,3,17,315,63,22,41,34.9,106,59.4,25,77.8,5.3
"Derrick Jones, Jr.",PHX,2,0,2,6,0,0,0,0,1,0,1,0,0
Derrick Favors,UTA,24,15,9,538,144,51,94,35.4,278,51.8,52,63.7,5
Deron Williams,DAL,29,9,20,881,68,11,57,16.2,121,56.2,33,77.3,11.2
Denzel Valentine,CHI,22,10,12,275,38,8,30,21.1,80,47.5,22,65.5,7.9
Demetrius Jackson,BOS,4,1,3,17,4,0,4,0,6,66.7,1,80,11.5
Dejounte Murray,SAS,20,16,4,114,14,6,8,42.9,43,32.6,18,56,8.1
DeMarre Carroll,TOR,31,21,10,832,120,39,82,32.5,268,44.8,66,59.4,6.2
DeMarcus Cousins,SAC,34,16,18,1164,335,95,238,28.4,544,61.6,75,71.4,4.7
DeMar DeRozan,TOR,35,23,12,1253,193,59,134,30.6,339,56.9,54,67.7,8.3
DeAndre Liggins,CLE,26,21,5,432,47,10,37,21.3,90,52.2,20,67.1,8.8
DeAndre Jordan,LAC,41,27,14,1307,561,234,326,41.7,808,69.4,84,77.5,4.3
Davis Bertans,SAS,32,28,4,325,37,18,19,48.6,77,48.1,16,60.7,6.5
David West,GSW,38,32,6,439,107,44,63,41.1,192,55.7,35,68.2,4.5
David Lee,SAS,37,30,7,633,186,71,114,38.2,364,51.1,66,62.4,5
Darrun Hilliard,DET,24,11,13,261,22,3,19,13.6,43,51.2,11,68.8,7.5
Darren Collison,SAC,28,13,15,820,53,12,43,22.6,103,51.5,25,67.9,13.9
Darrell Arthur,DEN,15,4,11,236,35,13,22,37.1,83,42.2,25,60.3,6.8
Dario Saric,PHI,34,11,23,815,201,80,123,39.8,403,49.9,91,64.4,5.2
Danuel House,WAS,1,0,1,1,1,0,1,0,1,100,0,100,5
Dante Exum,UTA,28,16,12,597,62,11,51,17.7,114,54.4,22,67.4,9.2
Dante Cunningham,NOP,23,10,13,558,97,25,72,25.8,184,52.7,38,66.4,5.3
Danny Green,SAS,30,25,5,767,87,21,65,24.1,184,47.3,46,63,6.3
Danilo Gallinari,DEN,32,12,20,1098,157,38,119,24.2,271,57.9,65,76.2,7.9
Daniel Ochefu,WAS,7,4,3,32,9,2,7,22.2,23,39.1,3,45,4
Damjan Rudez,ORL,20,7,13,155,16,3,13,18.8,33,48.5,7,61.5,8.3
Damian Lillard,POR,35,15,20,1257,168,34,134,20.2,327,51.4,77,67.2,8.9
Damian Jones,GSW,1,0,1,9,0,0,0,0,1,0,0,0,0
D.J. Augustin,ORL,37,15,22,775,53,7,47,13.2,96,55.2,15,65.4,11
D'Angelo Russell,LAL,28,11,17,773,108,19,89,17.6,204,52.9,37,64.7,9
Cristiano Felicio,CHI,29,14,15,412,145,78,67,53.8,286,50.7,48,60.9,4.2
Cory Joseph,TOR,34,22,12,743,89,30,58,33.7,197,45.2,54,62.2,8.4
Corey Brewer,HOU,39,29,10,580,76,12,64,15.8,135,56.3,26,69.7,8
Cole Aldrich,MIN,34,12,22,366,111,44,67,39.6,205,54.1,33,64.5,5.7
Cody Zeller,CHA,29,16,13,761,180,78,102,43.3,397,45.3,94,59.4,5.4
Clint Capela,HOU,26,20,6,644,208,89,120,42.8,391,53.2,53,61.5,4.5
Christian Wood,CHA,1,1,0,3,2,1,1,50,2,100,0,100,3.3
Chris Paul,LAC,34,25,9,1068,182,28,156,15.4,320,56.9,70,72.8,8.1
Chris McCullough,BKN,8,0,8,43,12,2,10,16.7,21,57.1,4,70.6,8.8
Chris Andersen,CLE,10,6,4,100,30,11,19,36.7,71,42.3,8,47.6,4.2
Chinanu Onuaku,HOU,2,1,1,10,3,2,1,66.7,8,37.5,2,50,4.7
Cheick Diallo,NOP,6,2,4,79,26,5,21,19.2,51,51,7,59.1,6.3
Channing Frye,CLE,26,20,6,497,81,23,58,28.4,165,49.1,40,64.8,5.3
Chandler Parsons,MEM,16,11,5,284,31,7,24,22.6,57,54.4,17,77.5,8
Caris LeVert,BKN,17,3,14,295,43,6,37,14,70,61.4,9,70.5,8.6
Cameron Payne,OKC,4,3,1,55,10,0,10,0,16,62.5,1,66.7,9.4
CJ Wilcox,ORL,15,5,10,74,9,0,9,0,20,45,5,60,9.9
CJ Watson,ORL,26,10,16,325,30,6,24,20,57,52.6,17,75,9.6
CJ Miles,IND,30,16,14,658,84,24,60,28.6,146,57.5,26,70,6.8
CJ McCollum,POR,40,17,23,1392,142,35,108,24.6,280,50.7,63,65.4,10.9
Buddy Hield,NOP,36,13,23,725,100,12,86,12,179,55.9,44,74.1,8.2
Bryn Forbes,SAS,13,10,3,57,4,1,3,25,6,66.7,1,80,12.1
Bruno Caboclo,TOR,5,4,1,16,2,0,2,0,5,40,2,66.7,4.8
Brook Lopez,BKN,32,7,25,950,161,69,92,42.9,323,49.8,58,60.8,6.5
Brian Roberts,CHA,9,4,5,50,6,1,5,16.7,9,66.7,2,85.7,8.1
Brandon Rush,MIN,15,4,11,218,22,4,18,18.2,48,45.8,19,75.9,8.3
Brandon Knight,PHX,35,9,26,780,86,21,66,24.4,193,44.6,49,59.7,7.9
Brandon Ingram,LAL,40,13,27,1113,162,38,124,23.5,298,54.4,66,69.8,7
Brandon Bass,LAC,25,15,10,287,55,20,35,36.4,110,50,16,58.5,6
Bradley Beal,WAS,31,16,15,1082,92,25,64,27.2,186,49.5,44,64.8,10.1
Boris Diaw,UTA,30,17,13,578,64,23,41,35.9,151,42.4,30,52.9,6.3
Bojan Bogdanovic,BKN,33,7,26,886,106,20,86,18.9,183,57.9,32,70.2,6.9
Bobby Portis,CHI,22,9,13,269,78,35,43,44.9,158,49.4,31,61.4,5.4
Bobby Brown,HOU,7,5,2,22,4,1,3,25,6,66.7,1,80,5.9
Boban Marjanovic,DET,18,8,10,135,62,34,28,54.8,90,68.9,7,74.7,4.4
Blake Griffin,LAC,26,19,7,875,230,73,158,31.7,390,59,71,72.1,5.5
Bismack Biyombo,ORL,36,15,21,909,284,93,194,32.7,517,54.9,93,67,5
Beno Udrih,DET,22,10,12,354,34,6,28,17.6,59,57.6,13,73.9,11
Ben McLemore,SAC,28,15,13,431,33,5,28,15.2,80,41.3,25,60,5.6
Avery Bradley,BOS,33,19,14,1161,229,59,170,25.8,390,58.7,70,71.6,5.6
Austin Rivers,LAC,39,25,14,1013,77,8,69,10.4,178,43.3,52,61.1,7.9
Arron Afflalo,SAC,29,13,16,687,59,8,52,13.6,101,58.4,21,73.8,8.8
Aron Baynes,DET,35,15,20,528,139,55,84,39.6,315,44.1,68,56.3,3.9
Arinze Onuaku,ORL,5,1,4,23,5,2,3,40,7,71.4,0,71.4,2.4
Archie Goodwin,NOP,3,1,2,30,0,0,0,0,2,0,2,0,0
Anthony Tolliver,SAC,24,12,12,493,84,19,64,22.6,162,51.9,31,64.1,7.1
Anthony Morrow,OKC,26,15,11,399,18,4,14,22.2,46,39.1,11,51.4,13.5
Anthony Davis,NOP,33,12,21,1252,395,131,268,33.2,606,65.2,90,76.6,4.8
Anthony Brown,NOP,8,2,6,135,25,5,20,20,37,67.6,7,83.3,7.2
Anthony Bennett,BKN,19,3,16,210,64,31,33,48.4,104,61.5,18,74.4,4.4
Andrew Wiggins,MIN,36,12,24,1331,147,59,89,40.1,317,46.4,81,62.3,6.8
Andrew Nicholson,WAS,21,12,9,179,24,7,17,29.2,81,29.6,21,40,4.2
Andrew Harrison,MEM,39,23,16,976,92,19,74,20.7,182,50.5,42,65.7,11.7
Andrew Bogut,DAL,20,6,14,468,180,62,117,34.4,292,61.6,36,70.3,4.3
Andre Roberson,OKC,38,22,16,1167,178,51,126,28.7,370,48.1,91,63.8,6
Andre Iguodala,GSW,37,32,5,929,130,37,95,28.5,212,61.3,29,71,9.3
Andre Drummond,DET,36,15,21,1111,494,204,293,41.3,774,63.8,92,72.4,4
Anderson Varejao,GSW,10,8,2,68,23,11,12,47.8,48,47.9,7,56.1,4.5
Amir Johnson,BOS,36,21,15,733,163,88,75,54,370,44.1,63,53.1,4.3
Alonzo Gee,DEN,13,4,9,89,14,5,9,35.7,31,45.2,9,63.6,5.6
Allen Crabbe,POR,40,17,23,1181,122,28,94,23,228,53.5,52,69.3,8.1
Alexis Ajinca,NOP,21,6,15,297,91,32,59,35.2,182,50,33,61.1,4.6
Alex Len,PHX,35,10,25,751,242,94,147,38.8,463,52.3,85,64,3.9
Alex Abrines,OKC,33,18,15,464,40,11,28,27.5,68,58.8,19,81.6,9.1
Alec Burks,UTA,5,3,2,21,1,1,0,100,3,33.3,0,33.3,0.9
Alan Williams,PHX,13,1,12,101,48,27,21,56.3,89,53.9,12,62.3,5.3
Alan Anderson,LAC,14,8,6,158,15,4,11,26.7,45,33.3,15,50,8.8
Al-Farouq Aminu,POR,23,10,13,641,158,54,104,34.2,283,55.8,49,67.5,5.9
Al Jefferson,IND,35,19,16,536,159,64,96,40.3,293,54.3,49,65.2,4.2
Al Horford,BOS,28,18,10,920,192,71,121,37,332,57.8,54,69.1,6.6
Adreian Payne,MIN,10,3,7,88,18,7,11,38.9,33,54.5,4,62.1,4.8
Aaron Harrison,CHA,5,2,3,17,3,0,3,0,4,75,0,75,5.4
Aaron Gordon,ORL,37,15,22,1011,169,45,122,26.6,270,62.6,44,74.8,6.3
Aaron Brooks,IND,32,18,14,486,38,7,31,18.4,70,54.3,16,70.4,10.9